Protein id	Contig id	Start	Stop	Strand	Element symbol	Element name	Scope	Type	Subtype	Class	Subclass	Method	Target length	Reference sequence length	% Coverage of reference	% Identity to reference	Alignment length	Closest reference accession	Closest reference name	HMM accession	HMM description	BV_BRC_genome_id
	accn|JPHW01000005	134	952	+	blaOXA-23	OXA-23 family carbapenem-hydrolyzing class D beta-lactamase OXA-23	core	AMR	AMR	BETA-LACTAM	CARBAPENEM	ALLELEX	273	273	100.0	100.0	273	WP_001046004.1	OXA-23 family carbapenem-hydrolyzing class D beta-lactamase OXA-23			1409926.6
	accn|JPHW01000008	122712	123497	+	ant(3'')-IIa	aminoglycoside nucleotidyltransferase ANT(3'')-IIa	core	AMR	AMR	AMINOGLYCOSIDE	SPECTINOMYCIN/STREPTOMYCIN	EXACTX	262	262	100.0	100.0	262	WP_001279062.1	aminoglycoside nucleotidyltransferase ANT(3'')-IIa			1409926.6
	accn|JPHW01000019	281278	282099	-	blaOXA-69	OXA-51 family carbapenem-hydrolyzing class D beta-lactamase OXA-69	core	AMR	AMR	BETA-LACTAM	CARBAPENEM	ALLELEX	274	274	100.0	100.0	274	WP_001021779.1	OXA-51 family carbapenem-hydrolyzing class D beta-lactamase OXA-69			1409926.6
	accn|JPHW01000020	1209	2021	+	sul2	sulfonamide-resistant dihydropteroate synthase Sul2	core	AMR	AMR	SULFONAMIDE	SULFONAMIDE	EXACTX	271	271	100.0	100.0	271	WP_001043260.1	sulfonamide-resistant dihydropteroate synthase Sul2			1409926.6
	accn|JPHW01000023	841	1566	-	aph(6)-Id	aminoglycoside O-phosphotransferase APH(6)-Id	core	AMR	AMR	AMINOGLYCOSIDE	STREPTOMYCIN	PARTIALX	242	278	87.05	99.59	242	WP_000480968.1	aminoglycoside O-phosphotransferase APH(6)-Id			1409926.6
	accn|LMZX01000001	340045	341193	-	blaADC-76	extended-spectrum class C beta-lactamase ADC-76	core	AMR	AMR	BETA-LACTAM	CEPHALOSPORIN	ALLELEX	383	383	100.0	100.0	383	WP_001211237.1	extended-spectrum class C beta-lactamase ADC-76			470.1555
	accn|LMZX01000016	88046	88867	+	blaOXA-68	OXA-51 family carbapenem-hydrolyzing class D beta-lactamase OXA-68	core	AMR	AMR	BETA-LACTAM	CARBAPENEM	ALLELEX	274	274	100.0	100.0	274	WP_001021775.1	OXA-51 family carbapenem-hydrolyzing class D beta-lactamase OXA-68			470.1555
	accn|LMZX01000030	8867	9652	-	ant(3'')-IIa	aminoglycoside nucleotidyltransferase ANT(3'')-IIa	core	AMR	AMR	AMINOGLYCOSIDE	SPECTINOMYCIN/STREPTOMYCIN	BLASTX	262	262	100.0	98.85	262	WP_001279062.1	aminoglycoside nucleotidyltransferase ANT(3'')-IIa			470.1555
	accn|LMZX01000044	8586	9797	+	floR	chloramphenicol/florfenicol efflux MFS transporter FloR	core	AMR	AMR	PHENICOL	CHLORAMPHENICOL/FLORFENICOL	EXACTX	404	404	100.0	100.0	404	WP_000214119.1	chloramphenicol/florfenicol efflux MFS transporter FloR			470.1555
	accn|LMZX01000044	10403	11599	-	tet(A)	tetracycline efflux MFS transporter Tet(A)	core	AMR	AMR	TETRACYCLINE	TETRACYCLINE	EXACTX	399	399	100.0	100.0	399	WP_000804063.1	tetracycline efflux MFS transporter Tet(A)			470.1555
	accn|LMZX01000045	1304	1834	+	ant(2'')-Ia	aminoglycoside nucleotidyltransferase ANT(2'')-Ia	core	AMR	AMR	AMINOGLYCOSIDE	GENTAMICIN/KANAMYCIN/TOBRAMYCIN	BLASTX	177	177	100.0	98.31	177	WP_000381803.1	aminoglycoside nucleotidyltransferase ANT(2'')-Ia			470.1555
	accn|LMZV01000043	67	879	+	aph(3')-Ia	aminoglycoside O-phosphotransferase APH(3')-Ia	core	AMR	AMR	AMINOGLYCOSIDE	KANAMYCIN	EXACTX	271	271	100.0	100.0	271	WP_000018326.1	aminoglycoside O-phosphotransferase APH(3')-Ia			470.1556
	accn|LMZW01000001	152184	153332	+	blaADC-76	extended-spectrum class C beta-lactamase ADC-76	core	AMR	AMR	BETA-LACTAM	CEPHALOSPORIN	ALLELEX	383	383	100.0	100.0	383	WP_001211237.1	extended-spectrum class C beta-lactamase ADC-76			470.1557
	accn|LMZW01000049	4111	5280	+	blaMCA	MCA family class C beta-lactamase	core	AMR	AMR	BETA-LACTAM	BETA-LACTAM	EXACTX	390	390	100.0	100.0	390	WP_057991970.1	MCA family class C beta-lactamase			470.1557
	accn|LMZW01000052	4749	5279	+	ant(2'')-Ia	aminoglycoside nucleotidyltransferase ANT(2'')-Ia	core	AMR	AMR	AMINOGLYCOSIDE	GENTAMICIN/KANAMYCIN/TOBRAMYCIN	BLASTX	177	177	100.0	98.31	177	WP_000381803.1	aminoglycoside nucleotidyltransferase ANT(2'')-Ia			470.1557
	accn|LMZW01000054	929	1705	+	aph(3')-VIa	aminoglycoside O-phosphotransferase APH(3')-VIa	core	AMR	AMR	AMINOGLYCOSIDE	AMIKACIN/KANAMYCIN	BLASTX	259	259	100.0	99.23	259	WP_000422636.1	aminoglycoside O-phosphotransferase APH(3')-VIa			470.1557
	accn|LMYO01000038	67	879	+	aph(3')-Ia	aminoglycoside O-phosphotransferase APH(3')-Ia	core	AMR	AMR	AMINOGLYCOSIDE	KANAMYCIN	EXACTX	271	271	100.0	100.0	271	WP_000018326.1	aminoglycoside O-phosphotransferase APH(3')-Ia			470.1558
	accn|LMYO01000045	1294	2490	+	tet(A)	tetracycline efflux MFS transporter Tet(A)	core	AMR	AMR	TETRACYCLINE	TETRACYCLINE	EXACTX	399	399	100.0	100.0	399	WP_000804063.1	tetracycline efflux MFS transporter Tet(A)			470.1558
	accn|LMYO01000045	3096	4307	-	floR	chloramphenicol/florfenicol efflux MFS transporter FloR	core	AMR	AMR	PHENICOL	CHLORAMPHENICOL/FLORFENICOL	EXACTX	404	404	100.0	100.0	404	WP_000214119.1	chloramphenicol/florfenicol efflux MFS transporter FloR			470.1558
	accn|LMYO01000063	268	1080	-	sul2	sulfonamide-resistant dihydropteroate synthase Sul2	core	AMR	AMR	SULFONAMIDE	SULFONAMIDE	EXACTX	271	271	100.0	100.0	271	WP_001043260.1	sulfonamide-resistant dihydropteroate synthase Sul2			470.1558
	accn|LNBZ01000064	25	837	+	sul2	sulfonamide-resistant dihydropteroate synthase Sul2	core	AMR	AMR	SULFONAMIDE	SULFONAMIDE	EXACTX	271	271	100.0	100.0	271	WP_001043260.1	sulfonamide-resistant dihydropteroate synthase Sul2			470.1561
	accn|LNCV01000018	11	1159	+	blaADC	ADC family extended-spectrum class C beta-lactamase	core	AMR	AMR	BETA-LACTAM	CEPHALOSPORIN	BLASTX	383	383	100.0	99.74	383	WP_152951821.1	extended-spectrum class C beta-lactamase ADC-405			470.1562
	accn|LNCV01000079	846	1622	-	aph(3')-VIa	aminoglycoside O-phosphotransferase APH(3')-VIa	core	AMR	AMR	AMINOGLYCOSIDE	AMIKACIN/KANAMYCIN	BLASTX	259	259	100.0	99.23	259	WP_000422636.1	aminoglycoside O-phosphotransferase APH(3')-VIa			470.1562
	accn|LNCW01000080	3780	4310	+	ant(2'')-Ia	aminoglycoside nucleotidyltransferase ANT(2'')-Ia	core	AMR	AMR	AMINOGLYCOSIDE	GENTAMICIN/KANAMYCIN/TOBRAMYCIN	BLASTX	177	177	100.0	98.31	177	WP_000381803.1	aminoglycoside nucleotidyltransferase ANT(2'')-Ia			470.1563
	accn|LNCX01000014	86821	87969	-	blaADC	ADC family extended-spectrum class C beta-lactamase	core	AMR	AMR	BETA-LACTAM	CEPHALOSPORIN	BLASTX	383	383	100.0	99.74	383	WP_152951821.1	extended-spectrum class C beta-lactamase ADC-405			470.1564
	accn|LNCX01000073	2344	2874	-	ant(2'')-Ia	aminoglycoside nucleotidyltransferase ANT(2'')-Ia	core	AMR	AMR	AMINOGLYCOSIDE	GENTAMICIN/KANAMYCIN/TOBRAMYCIN	BLASTX	177	177	100.0	98.31	177	WP_000381803.1	aminoglycoside nucleotidyltransferase ANT(2'')-Ia			470.1564
	accn|LNCX01000081	66	878	+	aph(3')-Ia	aminoglycoside O-phosphotransferase APH(3')-Ia	core	AMR	AMR	AMINOGLYCOSIDE	KANAMYCIN	EXACTX	271	271	100.0	100.0	271	WP_000018326.1	aminoglycoside O-phosphotransferase APH(3')-Ia			470.1564
	accn|LNCX01000090	29	805	-	aph(3')-VIa	aminoglycoside O-phosphotransferase APH(3')-VIa	core	AMR	AMR	AMINOGLYCOSIDE	AMIKACIN/KANAMYCIN	BLASTX	259	259	100.0	99.61	259	WP_000422636.1	aminoglycoside O-phosphotransferase APH(3')-VIa			470.1564
	accn|LNCX01000094	239	1015	-	aph(3')-VIa	aminoglycoside O-phosphotransferase APH(3')-VIa	core	AMR	AMR	AMINOGLYCOSIDE	AMIKACIN/KANAMYCIN	BLASTX	259	259	100.0	99.23	259	WP_000422636.1	aminoglycoside O-phosphotransferase APH(3')-VIa			470.1564
	accn|LNCY01000015	86823	87971	-	blaADC	ADC family extended-spectrum class C beta-lactamase	core	AMR	AMR	BETA-LACTAM	CEPHALOSPORIN	BLASTX	383	383	100.0	99.74	383	WP_152951821.1	extended-spectrum class C beta-lactamase ADC-405			470.1565
	accn|LNCY01000056	23	835	+	sul2	sulfonamide-resistant dihydropteroate synthase Sul2	core	AMR	AMR	SULFONAMIDE	SULFONAMIDE	EXACTX	271	271	100.0	100.0	271	WP_001043260.1	sulfonamide-resistant dihydropteroate synthase Sul2			470.1565
	accn|LNCY01000075	457	1929	+	msr(E)	ABC-F type ribosomal protection protein Msr(E)	core	AMR	AMR	MACROLIDE/STREPTOGRAMIN	AZITHROMYCIN/ERYTHROMYCIN/STREPTOGRAMIN	EXACTX	491	491	100.0	100.0	491	WP_000052512.1	ABC-F type ribosomal protection protein Msr(E)			470.1565
	accn|LNCY01000075	1988	2869	+	mph(E)	Mph(E) family macrolide 2'-phosphotransferase	core	AMR	AMR	MACROLIDE	ERYTHROMYCIN	EXACTX	294	294	100.0	100.0	294	WP_000155092.1	Mph(E) family macrolide 2'-phosphotransferase			470.1565
	accn|470.2142.con.0001	1720	2538	-	blaOXA-23	OXA-23 family carbapenem-hydrolyzing class D beta-lactamase OXA-23	core	AMR	AMR	BETA-LACTAM	CARBAPENEM	ALLELEX	273	273	100.0	100.0	273	WP_001046004.1	OXA-23 family carbapenem-hydrolyzing class D beta-lactamase OXA-23			470.2142
	accn|470.2142.con.0057	1321	1812	+	dfrA45	trimethoprim-resistant dihydrofolate reductase DfrA45	core	AMR	AMR	TRIMETHOPRIM	TRIMETHOPRIM	EXACTX	164	164	100.0	100.0	164	WP_049581834.1	trimethoprim-resistant dihydrofolate reductase DfrA45			470.2142
	accn|470.2143.con.0011	90833	91618	+	ant(3'')-IIa	aminoglycoside nucleotidyltransferase ANT(3'')-IIa	core	AMR	AMR	AMINOGLYCOSIDE	SPECTINOMYCIN/STREPTOMYCIN	EXACTX	262	262	100.0	100.0	262	WP_001279068.1	aminoglycoside nucleotidyltransferase ANT(3'')-IIa			470.2143
	accn|470.2143.con.0040	562	1395	-	aph(6)-Id	aminoglycoside O-phosphotransferase APH(6)-Id	core	AMR	AMR	AMINOGLYCOSIDE	STREPTOMYCIN	BLASTX	278	278	100.0	99.64	278	WP_000480968.1	aminoglycoside O-phosphotransferase APH(6)-Id			470.2143
	accn|470.2143.con.0040	1398	2198	-	aph(3'')-Ib	aminoglycoside O-phosphotransferase APH(3'')-Ib	core	AMR	AMR	AMINOGLYCOSIDE	STREPTOMYCIN	EXACTX	267	267	100.0	100.0	267	WP_001082319.1	aminoglycoside O-phosphotransferase APH(3'')-Ib			470.2143
	accn|470.2143.con.0052	2640	3209	-	aac(6')-Ian	aminoglycoside N-acetyltransferase AAC(6')-Ian	core	AMR	AMR	AMINOGLYCOSIDE	AMIKACIN/KANAMYCIN/TOBRAMYCIN	EXACTX	190	190	100.0	100.0	190	WP_000960976.1	aminoglycoside N-acetyltransferase AAC(6')-Ian			470.2143
	accn|470.2143.con.0059	221	1423	-	tet(B)	tetracycline efflux MFS transporter Tet(B)	core	AMR	AMR	TETRACYCLINE	TETRACYCLINE	BLASTX	401	401	100.0	99.75	401	WP_001089072.1	tetracycline efflux MFS transporter Tet(B)			470.2143
	accn|470.2158.con.0176	60	1208	+	blaADC-73	extended-spectrum class C beta-lactamase ADC-73	core	AMR	AMR	BETA-LACTAM	CEPHALOSPORIN	ALLELEX	383	383	100.0	100.0	383	WP_001211219.1	extended-spectrum class C beta-lactamase ADC-73			470.2158
	accn|470.2158.con.0250	756	1568	-	sul2	sulfonamide-resistant dihydropteroate synthase Sul2	core	AMR	AMR	SULFONAMIDE	SULFONAMIDE	EXACTX	271	271	100.0	100.0	271	WP_001043260.1	sulfonamide-resistant dihydropteroate synthase Sul2			470.2158
	accn|470.2161.con.0155	257	1114	+	aac(3)-IIe	aminoglycoside N-acetyltransferase AAC(3)-IIe	core	AMR	AMR	AMINOGLYCOSIDE	GENTAMICIN	EXACTX	286	286	100.0	100.0	286	WP_000557452.1	aminoglycoside N-acetyltransferase AAC(3)-IIe			470.2161
	accn|470.2162.con.0173	221	1423	-	tet(B)	tetracycline efflux MFS transporter Tet(B)	core	AMR	AMR	TETRACYCLINE	TETRACYCLINE	EXACTX	401	401	100.0	100.0	401	WP_001089072.1	tetracycline efflux MFS transporter Tet(B)			470.2162
	accn|470.2162.con.0173	4799	5632	-	aph(6)-Id	aminoglycoside O-phosphotransferase APH(6)-Id	core	AMR	AMR	AMINOGLYCOSIDE	STREPTOMYCIN	EXACTX	278	278	100.0	100.0	278	WP_000480968.1	aminoglycoside O-phosphotransferase APH(6)-Id			470.2162
	accn|470.2162.con.0173	5635	6435	-	aph(3'')-Ib	aminoglycoside O-phosphotransferase APH(3'')-Ib	core	AMR	AMR	AMINOGLYCOSIDE	STREPTOMYCIN	EXACTX	267	267	100.0	100.0	267	WP_001082319.1	aminoglycoside O-phosphotransferase APH(3'')-Ib			470.2162
	accn|470.2168.con.0027	49140	49916	-	aph(3')-VIa	aminoglycoside O-phosphotransferase APH(3')-VIa	core	AMR	AMR	AMINOGLYCOSIDE	AMIKACIN/KANAMYCIN	BLASTX	259	259	100.0	99.61	259	WP_000422636.1	aminoglycoside O-phosphotransferase APH(3')-VIa			470.2168
	accn|470.2168.con.0066	149	1006	-	blaTEM-1	broad-spectrum class A beta-lactamase TEM-1	core	AMR	AMR	BETA-LACTAM	BETA-LACTAM	ALLELEX	286	286	100.0	100.0	286	WP_000027057.1	broad-spectrum class A beta-lactamase TEM-1			470.2168
	accn|470.2425.con.0013	17813	19012	-	tet(B)	tetracycline efflux MFS transporter Tet(B)	core	AMR	AMR	TETRACYCLINE	TETRACYCLINE	BLASTX	400	401	99.75	100.0	400	WP_001089072.1	tetracycline efflux MFS transporter Tet(B)			470.2425
	accn|470.2425.con.0013	22388	23221	-	aph(6)-Id	aminoglycoside O-phosphotransferase APH(6)-Id	core	AMR	AMR	AMINOGLYCOSIDE	STREPTOMYCIN	BLASTX	278	278	100.0	99.28	278	WP_000480968.1	aminoglycoside O-phosphotransferase APH(6)-Id			470.2425
	accn|470.2425.con.0013	23224	24024	-	aph(3'')-Ib	aminoglycoside O-phosphotransferase APH(3'')-Ib	core	AMR	AMR	AMINOGLYCOSIDE	STREPTOMYCIN	EXACTX	267	267	100.0	100.0	267	WP_001082319.1	aminoglycoside O-phosphotransferase APH(3'')-Ib			470.2425
	accn|470.2425.con.0021	249	1397	+	blaADC-30	extended-spectrum class C beta-lactamase ADC-30	core	AMR	AMR	BETA-LACTAM	CEPHALOSPORIN	ALLELEX	383	383	100.0	100.0	383	WP_001211218.1	extended-spectrum class C beta-lactamase ADC-30			470.2425
	accn|470.2426.con.0347	180	992	-	aph(3')-Ia	aminoglycoside O-phosphotransferase APH(3')-Ia	core	AMR	AMR	AMINOGLYCOSIDE	KANAMYCIN	EXACTX	271	271	100.0	100.0	271	WP_000018326.1	aminoglycoside O-phosphotransferase APH(3')-Ia			470.2426
	accn|470.2427.con.0242	274	1092	+	blaOXA-23	OXA-23 family carbapenem-hydrolyzing class D beta-lactamase OXA-23	core	AMR	AMR	BETA-LACTAM	CARBAPENEM	ALLELEX	273	273	100.0	100.0	273	WP_001046004.1	OXA-23 family carbapenem-hydrolyzing class D beta-lactamase OXA-23			470.2427
	accn|470.2431.con.0075	13886	15070	+	tet(39)	tetracycline efflux MFS transporter Tet(39)	core	AMR	AMR	TETRACYCLINE	TETRACYCLINE	EXACTX	395	395	100.0	100.0	395	WP_004856455.1	tetracycline efflux MFS transporter Tet(39)			470.2431
	accn|470.2432.con.0039	191	1009	+	blaOXA-23	OXA-23 family carbapenem-hydrolyzing class D beta-lactamase OXA-23	core	AMR	AMR	BETA-LACTAM	CARBAPENEM	ALLELEX	273	273	100.0	100.0	273	WP_001046004.1	OXA-23 family carbapenem-hydrolyzing class D beta-lactamase OXA-23			470.2432
	accn|470.2433.con.0025	5471	6241	+	armA	16S rRNA (guanine(1405)-N(7))-methyltransferase ArmA	core	AMR	AMR	AMINOGLYCOSIDE	GENTAMICIN	EXACTX	257	257	100.0	100.0	257	WP_000359986.1	16S rRNA (guanine(1405)-N(7))-methyltransferase ArmA			470.2433
	accn|470.2433.con.0025	8543	10015	+	msr(E)	ABC-F type ribosomal protection protein Msr(E)	core	AMR	AMR	MACROLIDE/STREPTOGRAMIN	AZITHROMYCIN/ERYTHROMYCIN/STREPTOGRAMIN	EXACTX	491	491	100.0	100.0	491	WP_000052512.1	ABC-F type ribosomal protection protein Msr(E)			470.2433
	accn|470.2433.con.0025	10074	10955	+	mph(E)	Mph(E) family macrolide 2'-phosphotransferase	core	AMR	AMR	MACROLIDE	ERYTHROMYCIN	EXACTX	294	294	100.0	100.0	294	WP_000155092.1	Mph(E) family macrolide 2'-phosphotransferase			470.2433
	accn|470.2433.con.0033	95982	97130	-	blaADC-401	extended-spectrum class C beta-lactamase ADC-401	core	AMR	AMR	BETA-LACTAM	CEPHALOSPORIN	ALLELEX	383	383	100.0	100.0	383	WP_435892080.1	extended-spectrum class C beta-lactamase ADC-401			470.2433
	accn|470.2433.con.0053	1832	2650	-	blaOXA-23	OXA-23 family carbapenem-hydrolyzing class D beta-lactamase OXA-23	core	AMR	AMR	BETA-LACTAM	CARBAPENEM	ALLELEX	273	273	100.0	100.0	273	WP_001046004.1	OXA-23 family carbapenem-hydrolyzing class D beta-lactamase OXA-23			470.2433
	accn|470.2433.con.0065	24761	25582	+	blaOXA-66	OXA-51 family carbapenem-hydrolyzing class D beta-lactamase OXA-66	core	AMR	AMR	BETA-LACTAM	CARBAPENEM	ALLELEX	274	274	100.0	100.0	274	WP_001021792.1	OXA-51 family carbapenem-hydrolyzing class D beta-lactamase OXA-66			470.2433
	accn|470.2436.con.0042	2572	3720	-	blaADC-26	extended-spectrum class C beta-lactamase ADC-26	core	AMR	AMR	BETA-LACTAM	CEPHALOSPORIN	ALLELEX	383	383	100.0	100.0	383	WP_001211238.1	extended-spectrum class C beta-lactamase ADC-26			470.2436
	accn|470.2436.con.0053	5341	5910	-	aac(6')-Ian	aminoglycoside N-acetyltransferase AAC(6')-Ian	core	AMR	AMR	AMINOGLYCOSIDE	AMIKACIN/KANAMYCIN/TOBRAMYCIN	EXACTX	190	190	100.0	100.0	190	WP_000960976.1	aminoglycoside N-acetyltransferase AAC(6')-Ian			470.2436
	accn|470.2436.con.0053	8970	9827	-	aac(3)-IIe	aminoglycoside N-acetyltransferase AAC(3)-IIe	core	AMR	AMR	AMINOGLYCOSIDE	GENTAMICIN	EXACTX	286	286	100.0	100.0	286	WP_000557452.1	aminoglycoside N-acetyltransferase AAC(3)-IIe			470.2436
	accn|470.2436.con.0055	23909	24694	+	ant(3'')-IIa	aminoglycoside nucleotidyltransferase ANT(3'')-IIa	core	AMR	AMR	AMINOGLYCOSIDE	SPECTINOMYCIN/STREPTOMYCIN	EXACTX	262	262	100.0	100.0	262	WP_001279068.1	aminoglycoside nucleotidyltransferase ANT(3'')-IIa			470.2436
	accn|470.2436.con.0152	6392	7213	-	blaOXA-64	OXA-51 family carbapenem-hydrolyzing class D beta-lactamase OXA-64	core	AMR	AMR	BETA-LACTAM	CARBAPENEM	ALLELEX	274	274	100.0	100.0	274	WP_001021788.1	OXA-51 family carbapenem-hydrolyzing class D beta-lactamase OXA-64			470.2436
	accn|470.2437.con.0024	25202	25987	+	ant(3'')-IIa	aminoglycoside nucleotidyltransferase ANT(3'')-IIa	core	AMR	AMR	AMINOGLYCOSIDE	SPECTINOMYCIN/STREPTOMYCIN	EXACTX	262	262	100.0	100.0	262	WP_001279062.1	aminoglycoside nucleotidyltransferase ANT(3'')-IIa			470.2437
	accn|470.2437.con.0049	12181	13002	-	blaOXA-66	OXA-51 family carbapenem-hydrolyzing class D beta-lactamase OXA-66	core	AMR	AMR	BETA-LACTAM	CARBAPENEM	ALLELEX	274	274	100.0	100.0	274	WP_001021792.1	OXA-51 family carbapenem-hydrolyzing class D beta-lactamase OXA-66			470.2437
	accn|470.2437.con.0069	702	1538	-	sul1	sulfonamide-resistant dihydropteroate synthase Sul1	core	AMR	AMR	SULFONAMIDE	SULFONAMIDE	EXACTX	279	279	100.0	100.0	279	WP_000259031.1	sulfonamide-resistant dihydropteroate synthase Sul1			470.2437
	accn|470.2437.con.0069	1535	1879	-	qacEdelta1	quaternary ammonium compound efflux SMR transporter QacE delta 1	core	STRESS	BIOCIDE	QUATERNARY AMMONIUM	QUATERNARY AMMONIUM	ALLELEX	115	115	100.0	100.0	115	WP_000679427.1	quaternary ammonium compound efflux SMR transporter QacE delta 1			470.2437
	accn|470.2437.con.0071	194	1006	+	aph(3')-Ia	aminoglycoside O-phosphotransferase APH(3')-Ia	core	AMR	AMR	AMINOGLYCOSIDE	KANAMYCIN	EXACTX	271	271	100.0	100.0	271	WP_000018326.1	aminoglycoside O-phosphotransferase APH(3')-Ia			470.2437
	accn|470.2437.con.0079	3393	4217	+	blaOXA-72	OXA-24 family carbapenem-hydrolyzing class D beta-lactamase OXA-72	core	AMR	AMR	BETA-LACTAM	CARBAPENEM	ALLELEX	275	275	100.0	100.0	275	WP_000713530.1	OXA-24 family carbapenem-hydrolyzing class D beta-lactamase OXA-72			470.2437
	NODE_101_length_13547_cov_5.418405	6478	7299	-	blaOXA-66	OXA-51 family carbapenem-hydrolyzing class D beta-lactamase OXA-66	core	AMR	AMR	BETA-LACTAM	CARBAPENEM	ALLELEX	274	274	100.0	100.0	274	WP_001021792.1	OXA-51 family carbapenem-hydrolyzing class D beta-lactamase OXA-66			470.243
	NODE_137_length_9453_cov_7.685717	5461	5922	-	aac(3)-Ia	aminoglycoside N-acetyltransferase AAC(3)-Ia	core	AMR	AMR	AMINOGLYCOSIDE	GENTAMICIN	EXACTX	154	154	100.0	100.0	154	WP_002089484.1	aminoglycoside N-acetyltransferase AAC(3)-Ia			470.243
	NODE_143_length_9090_cov_17.436907	2684	3508	-	blaOXA-24	OXA-24 family carbapenem-hydrolyzing class D beta-lactamase OXA-24	core	AMR	AMR	BETA-LACTAM	CARBAPENEM	ALLELEX	275	275	100.0	100.0	275	WP_012754353.1	OXA-24 family carbapenem-hydrolyzing class D beta-lactamase OXA-24			470.243
	NODE_20_length_33269_cov_5.957667	17518	18717	-	tet(B)	tetracycline efflux MFS transporter Tet(B)	core	AMR	AMR	TETRACYCLINE	TETRACYCLINE	BLASTX	400	401	99.75	100.0	400	WP_001089072.1	tetracycline efflux MFS transporter Tet(B)			470.243
	NODE_20_length_33269_cov_5.957667	22093	22926	-	aph(6)-Id	aminoglycoside O-phosphotransferase APH(6)-Id	core	AMR	AMR	AMINOGLYCOSIDE	STREPTOMYCIN	EXACTX	278	278	100.0	100.0	278	WP_000480968.1	aminoglycoside O-phosphotransferase APH(6)-Id			470.243
	NODE_20_length_33269_cov_5.957667	22929	23729	-	aph(3'')-Ib	aminoglycoside O-phosphotransferase APH(3'')-Ib	core	AMR	AMR	AMINOGLYCOSIDE	STREPTOMYCIN	EXACTX	267	267	100.0	100.0	267	WP_001082319.1	aminoglycoside O-phosphotransferase APH(3'')-Ib			470.243
	NODE_210_length_4291_cov_4.891691	2986	4134	-	blaADC-30	extended-spectrum class C beta-lactamase ADC-30	core	AMR	AMR	BETA-LACTAM	CEPHALOSPORIN	ALLELEX	383	383	100.0	100.0	383	WP_001211218.1	extended-spectrum class C beta-lactamase ADC-30			470.243
	NODE_29_length_31078_cov_6.316209	23852	24637	+	ant(3'')-IIa	aminoglycoside nucleotidyltransferase ANT(3'')-IIa	core	AMR	AMR	AMINOGLYCOSIDE	SPECTINOMYCIN/STREPTOMYCIN	BLASTX	262	262	100.0	98.85	262	WP_001279062.1	aminoglycoside nucleotidyltransferase ANT(3'')-IIa			470.243
	accn|MPBY01000001	260037	260837	+	aph(3'')-Ib	aminoglycoside O-phosphotransferase APH(3'')-Ib	core	AMR	AMR	AMINOGLYCOSIDE	STREPTOMYCIN	EXACTX	267	267	100.0	100.0	267	WP_001082319.1	aminoglycoside O-phosphotransferase APH(3'')-Ib			470.2843
	accn|MPBY01000001	260840	261673	+	aph(6)-Id	aminoglycoside O-phosphotransferase APH(6)-Id	core	AMR	AMR	AMINOGLYCOSIDE	STREPTOMYCIN	EXACTX	278	278	100.0	100.0	278	WP_000480968.1	aminoglycoside O-phosphotransferase APH(6)-Id			470.2843
	accn|MPBY01000001	273278	273847	-	aac(6')-Ian	aminoglycoside N-acetyltransferase AAC(6')-Ian	core	AMR	AMR	AMINOGLYCOSIDE	AMIKACIN/KANAMYCIN/TOBRAMYCIN	EXACTX	190	190	100.0	100.0	190	WP_000960976.1	aminoglycoside N-acetyltransferase AAC(6')-Ian			470.2843
	accn|MPBY01000001	276236	277048	-	sul2	sulfonamide-resistant dihydropteroate synthase Sul2	core	AMR	AMR	SULFONAMIDE	SULFONAMIDE	EXACTX	271	271	100.0	100.0	271	WP_001043260.1	sulfonamide-resistant dihydropteroate synthase Sul2			470.2843
	accn|MPBY01000002	665536	666684	-	blaADC-214	extended-spectrum class C beta-lactamase ADC-214	core	AMR	AMR	BETA-LACTAM	CEPHALOSPORIN	ALLELEX	383	383	100.0	100.0	383	WP_060454527.1	extended-spectrum class C beta-lactamase ADC-214			470.2843
	accn|MPBY01000002	1670594	1671415	+	blaOXA-65	OXA-51 family carbapenem-hydrolyzing class D beta-lactamase OXA-65	core	AMR	AMR	BETA-LACTAM	CARBAPENEM	ALLELEX	274	274	100.0	100.0	274	WP_001021782.1	OXA-51 family carbapenem-hydrolyzing class D beta-lactamase OXA-65			470.2843
	accn|MPBY01000002	1759263	1759832	-	aac(6')-Ian	aminoglycoside N-acetyltransferase AAC(6')-Ian	core	AMR	AMR	AMINOGLYCOSIDE	AMIKACIN/KANAMYCIN/TOBRAMYCIN	EXACTX	190	190	100.0	100.0	190	WP_000960976.1	aminoglycoside N-acetyltransferase AAC(6')-Ian			470.2843
	accn|MPBY01000002	3381821	3382606	-	ant(3'')-IIa	aminoglycoside nucleotidyltransferase ANT(3'')-IIa	core	AMR	AMR	AMINOGLYCOSIDE	SPECTINOMYCIN/STREPTOMYCIN	BLASTX	262	262	100.0	99.24	262	WP_001112624.1	aminoglycoside nucleotidyltransferase ANT(3'')-IIa			470.2843
	accn|MPBY01000003	1349	2173	-	blaOXA-24	OXA-24 family carbapenem-hydrolyzing class D beta-lactamase OXA-24	core	AMR	AMR	BETA-LACTAM	CARBAPENEM	ALLELEX	275	275	100.0	100.0	275	WP_012754353.1	OXA-24 family carbapenem-hydrolyzing class D beta-lactamase OXA-24			470.2843
	accn|MPBX01000002	92140	92916	+	aph(3')-VI	APH(3')-VI family aminoglycoside O-phosphotransferase	core	AMR	AMR	AMINOGLYCOSIDE	AMIKACIN/KANAMYCIN	EXACTX	259	259	100.0	100.0	259	WP_014386410.1	APH(3')-VI family aminoglycoside O-phosphotransferase			470.2844
	accn|MPBX01000002	94197	95006	+	blaNDM-1	subclass B1 metallo-beta-lactamase NDM-1	core	AMR	AMR	BETA-LACTAM	CARBAPENEM	ALLELEX	270	270	100.0	100.0	270	WP_004201164.1	subclass B1 metallo-beta-lactamase NDM-1			470.2844
	accn|MPBX01000002	95013	95375	+	ble	bleomycin binding protein Ble-MBL	core	AMR	AMR	BLEOMYCIN	BLEOMYCIN	EXACTX	121	121	100.0	100.0	121	WP_004201167.1	bleomycin binding protein Ble-MBL			470.2844
	accn|MPBX01000005	602081	603229	-	blaADC-80	extended-spectrum class C beta-lactamase ADC-80	core	AMR	AMR	BETA-LACTAM	CEPHALOSPORIN	ALLELEX	383	383	100.0	100.0	383	WP_029424536.1	extended-spectrum class C beta-lactamase ADC-80			470.2844
	accn|MPBX01000005	705712	706875	-	blaADC-176	extended-spectrum class C beta-lactamase ADC-176	core	AMR	AMR	BETA-LACTAM	CEPHALOSPORIN	ALLELEX	388	388	100.0	100.0	388	WP_001159761.1	extended-spectrum class C beta-lactamase ADC-176			470.2844
	accn|MPBX01000005	1712159	1712980	+	blaOXA-94	OXA-51 family carbapenem-hydrolyzing class D beta-lactamase OXA-94	core	AMR	AMR	BETA-LACTAM	CARBAPENEM	ALLELEX	274	274	100.0	100.0	274	WP_029424390.1	OXA-51 family carbapenem-hydrolyzing class D beta-lactamase OXA-94			470.2844
	accn|MPBX01000005	1979716	1980528	+	sul2	sulfonamide-resistant dihydropteroate synthase Sul2	core	AMR	AMR	SULFONAMIDE	SULFONAMIDE	EXACTX	271	271	100.0	100.0	271	WP_001043260.1	sulfonamide-resistant dihydropteroate synthase Sul2			470.2844
	accn|MPBX01000006	1438	1785	-	ant(2'')-Ia	aminoglycoside nucleotidyltransferase ANT(2'')-Ia	core	AMR	AMR	AMINOGLYCOSIDE	GENTAMICIN/KANAMYCIN/TOBRAMYCIN	PARTIALX	116	177	65.54	93.97	116	WP_032490446.1	aminoglycoside nucleotidyltransferase ANT(2'')-Ia			470.2844
	accn|MPBX01000006	7477	8007	-	ant(2'')-Ia	aminoglycoside nucleotidyltransferase ANT(2'')-Ia	core	AMR	AMR	AMINOGLYCOSIDE	GENTAMICIN/KANAMYCIN/TOBRAMYCIN	BLASTX	177	177	100.0	98.31	177	WP_000381803.1	aminoglycoside nucleotidyltransferase ANT(2'')-Ia			470.2844
	accn|MPBX01000007	38549	39334	-	ant(3'')-IIa	aminoglycoside nucleotidyltransferase ANT(3'')-IIa	core	AMR	AMR	AMINOGLYCOSIDE	SPECTINOMYCIN/STREPTOMYCIN	BLASTX	262	262	100.0	99.24	262	WP_001112624.1	aminoglycoside nucleotidyltransferase ANT(3'')-IIa			470.2844
	accn|MPCA01000001	110838	111614	+	aph(3')-VI	APH(3')-VI family aminoglycoside O-phosphotransferase	core	AMR	AMR	AMINOGLYCOSIDE	AMIKACIN/KANAMYCIN	EXACTX	259	259	100.0	100.0	259	WP_014386410.1	APH(3')-VI family aminoglycoside O-phosphotransferase			470.2845
	accn|MPCA01000001	112895	113704	+	blaNDM-1	subclass B1 metallo-beta-lactamase NDM-1	core	AMR	AMR	BETA-LACTAM	CARBAPENEM	ALLELEX	270	270	100.0	100.0	270	WP_004201164.1	subclass B1 metallo-beta-lactamase NDM-1			470.2845
	accn|MPCA01000001	113711	114073	+	ble	bleomycin binding protein Ble-MBL	core	AMR	AMR	BLEOMYCIN	BLEOMYCIN	EXACTX	121	121	100.0	100.0	121	WP_004201167.1	bleomycin binding protein Ble-MBL			470.2845
	accn|MPCA01000001	1196425	1197573	-	blaADC-80	extended-spectrum class C beta-lactamase ADC-80	core	AMR	AMR	BETA-LACTAM	CEPHALOSPORIN	ALLELEX	383	383	100.0	100.0	383	WP_029424536.1	extended-spectrum class C beta-lactamase ADC-80			470.2845
	accn|MPCA01000001	1300056	1301219	-	blaADC-176	extended-spectrum class C beta-lactamase ADC-176	core	AMR	AMR	BETA-LACTAM	CEPHALOSPORIN	ALLELEX	388	388	100.0	100.0	388	WP_001159761.1	extended-spectrum class C beta-lactamase ADC-176			470.2845
	accn|MPCA01000001	2305215	2306036	+	blaOXA-94	OXA-51 family carbapenem-hydrolyzing class D beta-lactamase OXA-94	core	AMR	AMR	BETA-LACTAM	CARBAPENEM	ALLELEX	274	274	100.0	100.0	274	WP_029424390.1	OXA-51 family carbapenem-hydrolyzing class D beta-lactamase OXA-94			470.2845
	accn|MPCA01000003	252347	253159	+	sul2	sulfonamide-resistant dihydropteroate synthase Sul2	core	AMR	AMR	SULFONAMIDE	SULFONAMIDE	EXACTX	271	271	100.0	100.0	271	WP_001043260.1	sulfonamide-resistant dihydropteroate synthase Sul2			470.2845
	accn|MPCA01000004	38037	38822	-	ant(3'')-IIa	aminoglycoside nucleotidyltransferase ANT(3'')-IIa	core	AMR	AMR	AMINOGLYCOSIDE	SPECTINOMYCIN/STREPTOMYCIN	BLASTX	262	262	100.0	99.24	262	WP_001112624.1	aminoglycoside nucleotidyltransferase ANT(3'')-IIa			470.2845
	accn|MPCA01000010	381	911	-	ant(2'')-Ia	aminoglycoside nucleotidyltransferase ANT(2'')-Ia	core	AMR	AMR	AMINOGLYCOSIDE	GENTAMICIN/KANAMYCIN/TOBRAMYCIN	BLASTX	177	177	100.0	98.31	177	WP_000381803.1	aminoglycoside nucleotidyltransferase ANT(2'')-Ia			470.2845
	accn|MPCA01000010	6459	6989	-	ant(2'')-Ia	aminoglycoside nucleotidyltransferase ANT(2'')-Ia	core	AMR	AMR	AMINOGLYCOSIDE	GENTAMICIN/KANAMYCIN/TOBRAMYCIN	BLASTX	177	177	100.0	98.31	177	WP_000381803.1	aminoglycoside nucleotidyltransferase ANT(2'')-Ia			470.2845
	accn|MPBZ01000001	1141476	1142624	-	blaADC-30	extended-spectrum class C beta-lactamase ADC-30	core	AMR	AMR	BETA-LACTAM	CEPHALOSPORIN	ALLELEX	383	383	100.0	100.0	383	WP_001211218.1	extended-spectrum class C beta-lactamase ADC-30			470.2846
	accn|MPBZ01000001	1375847	1377319	+	msr(E)	ABC-F type ribosomal protection protein Msr(E)	core	AMR	AMR	MACROLIDE/STREPTOGRAMIN	AZITHROMYCIN/ERYTHROMYCIN/STREPTOGRAMIN	EXACTX	491	491	100.0	100.0	491	WP_000052512.1	ABC-F type ribosomal protection protein Msr(E)			470.2846
	accn|MPBZ01000001	1377378	1378259	+	mph(E)	Mph(E) family macrolide 2'-phosphotransferase	core	AMR	AMR	MACROLIDE	ERYTHROMYCIN	EXACTX	294	294	100.0	100.0	294	WP_000155092.1	Mph(E) family macrolide 2'-phosphotransferase			470.2846
	accn|MPBZ01000001	2217390	2218211	+	blaOXA-66	OXA-51 family carbapenem-hydrolyzing class D beta-lactamase OXA-66	core	AMR	AMR	BETA-LACTAM	CARBAPENEM	ALLELEX	274	274	100.0	100.0	274	WP_001021792.1	OXA-51 family carbapenem-hydrolyzing class D beta-lactamase OXA-66			470.2846
	accn|MPBZ01000001	2653806	2654618	+	aph(3')-Ia	aminoglycoside O-phosphotransferase APH(3')-Ia	core	AMR	AMR	AMINOGLYCOSIDE	KANAMYCIN	EXACTX	271	271	100.0	100.0	271	WP_000018326.1	aminoglycoside O-phosphotransferase APH(3')-Ia			470.2846
	accn|MPBZ01000001	2660398	2661255	-	blaTEM-1	broad-spectrum class A beta-lactamase TEM-1	core	AMR	AMR	BETA-LACTAM	BETA-LACTAM	ALLELEX	286	286	100.0	100.0	286	WP_000027057.1	broad-spectrum class A beta-lactamase TEM-1			470.2846
	accn|MPBZ01000002	430279	431079	+	aph(3'')-Ib	aminoglycoside O-phosphotransferase APH(3'')-Ib	core	AMR	AMR	AMINOGLYCOSIDE	STREPTOMYCIN	EXACTX	267	267	100.0	100.0	267	WP_001082319.1	aminoglycoside O-phosphotransferase APH(3'')-Ib			470.2846
	accn|MPBZ01000002	431082	431915	+	aph(6)-Id	aminoglycoside O-phosphotransferase APH(6)-Id	core	AMR	AMR	AMINOGLYCOSIDE	STREPTOMYCIN	EXACTX	278	278	100.0	100.0	278	WP_000480968.1	aminoglycoside O-phosphotransferase APH(6)-Id			470.2846
	accn|MPBZ01000002	435291	436490	+	tet(B)	tetracycline efflux MFS transporter Tet(B)	core	AMR	AMR	TETRACYCLINE	TETRACYCLINE	BLASTX	400	401	99.75	100.0	400	WP_001089072.1	tetracycline efflux MFS transporter Tet(B)			470.2846
	accn|MPBZ01000002	449117	449929	-	sul2	sulfonamide-resistant dihydropteroate synthase Sul2	core	AMR	AMR	SULFONAMIDE	SULFONAMIDE	EXACTX	271	271	100.0	100.0	271	WP_001043260.1	sulfonamide-resistant dihydropteroate synthase Sul2			470.2846
	accn|MPBZ01000002	542517	543302	-	ant(3'')-IIa	aminoglycoside nucleotidyltransferase ANT(3'')-IIa	core	AMR	AMR	AMINOGLYCOSIDE	SPECTINOMYCIN/STREPTOMYCIN	BLASTX	262	262	100.0	98.85	262	WP_001279062.1	aminoglycoside nucleotidyltransferase ANT(3'')-IIa			470.2846
	accn|MPBZ01000003	1036	1860	-	blaOXA-72	OXA-24 family carbapenem-hydrolyzing class D beta-lactamase OXA-72	core	AMR	AMR	BETA-LACTAM	CARBAPENEM	ALLELEX	275	275	100.0	100.0	275	WP_000713530.1	OXA-24 family carbapenem-hydrolyzing class D beta-lactamase OXA-72			470.2846
	accn|MPBZ01000003	10222	10830	-	blaOXA	OXA-24 family carbapenem-hydrolyzing class D beta-lactamase	core	AMR	AMR	BETA-LACTAM	CARBAPENEM	PARTIALX	203	275	73.82	100.0	203	WP_000713530.1	OXA-24 family carbapenem-hydrolyzing class D beta-lactamase OXA-72			470.2846
	accn|MPBZ01000003	18921	19628	-	blaOXA	OXA-24 family carbapenem-hydrolyzing class D beta-lactamase	core	AMR	AMR	BETA-LACTAM	CARBAPENEM	INTERNAL_STOP	236	275	85.82	92.8	236	WP_000713530.1	OXA-24 family carbapenem-hydrolyzing class D beta-lactamase OXA-72			470.2846
	accn|MPBZ01000003	27886	28419	-	blaOXA	OXA-24 family carbapenem-hydrolyzing class D beta-lactamase	core	AMR	AMR	BETA-LACTAM	CARBAPENEM	PARTIAL_CONTIG_ENDX	178	275	64.73	100.0	178	WP_000713530.1	OXA-24 family carbapenem-hydrolyzing class D beta-lactamase OXA-72			470.2846
	accn|MPBW01000001	14224	15387	-	blaADC-176	extended-spectrum class C beta-lactamase ADC-176	core	AMR	AMR	BETA-LACTAM	CEPHALOSPORIN	ALLELEX	388	388	100.0	100.0	388	WP_001159761.1	extended-spectrum class C beta-lactamase ADC-176			470.2847
	accn|MPBW01000003	679221	680369	-	blaADC-11	extended-spectrum class C beta-lactamase ADC-11	core	AMR	AMR	BETA-LACTAM	CEPHALOSPORIN	ALLELEX	383	383	100.0	100.0	383	WP_001211205.1	extended-spectrum class C beta-lactamase ADC-11			470.2847
	accn|MPBW01000003	1076575	1077393	+	blaOXA-23	OXA-23 family carbapenem-hydrolyzing class D beta-lactamase OXA-23	core	AMR	AMR	BETA-LACTAM	CARBAPENEM	ALLELEX	273	273	100.0	100.0	273	WP_001046004.1	OXA-23 family carbapenem-hydrolyzing class D beta-lactamase OXA-23			470.2847
	accn|MPBW01000003	1700188	1701009	+	blaOXA-69	OXA-51 family carbapenem-hydrolyzing class D beta-lactamase OXA-69	core	AMR	AMR	BETA-LACTAM	CARBAPENEM	ALLELEX	274	274	100.0	100.0	274	WP_001021779.1	OXA-51 family carbapenem-hydrolyzing class D beta-lactamase OXA-69			470.2847
	accn|MPBW01000005	11692	12510	-	blaOXA-23	OXA-23 family carbapenem-hydrolyzing class D beta-lactamase OXA-23	core	AMR	AMR	BETA-LACTAM	CARBAPENEM	ALLELEX	273	273	100.0	100.0	273	WP_001046004.1	OXA-23 family carbapenem-hydrolyzing class D beta-lactamase OXA-23			470.2847
	accn|MPBW01000005	282008	282844	-	sul1	sulfonamide-resistant dihydropteroate synthase Sul1	core	AMR	AMR	SULFONAMIDE	SULFONAMIDE	EXACTX	279	279	100.0	100.0	279	WP_000259031.1	sulfonamide-resistant dihydropteroate synthase Sul1			470.2847
	accn|MPBW01000005	282841	283185	-	qacEdelta1	quaternary ammonium compound efflux SMR transporter QacE delta 1	core	STRESS	BIOCIDE	QUATERNARY AMMONIUM	QUATERNARY AMMONIUM	ALLELEX	115	115	100.0	100.0	115	WP_000679427.1	quaternary ammonium compound efflux SMR transporter QacE delta 1			470.2847
	accn|MPBW01000005	283352	284140	-	aadA1	ANT(3'')-Ia family aminoglycoside nucleotidyltransferase AadA1	core	AMR	AMR	AMINOGLYCOSIDE	STREPTOMYCIN	EXACTX	263	263	100.0	100.0	263	WP_001206316.1	ANT(3'')-Ia family aminoglycoside nucleotidyltransferase AadA1			470.2847
	accn|MPBW01000005	285187	285648	-	aac(3)-Ia	aminoglycoside N-acetyltransferase AAC(3)-Ia	core	AMR	AMR	AMINOGLYCOSIDE	GENTAMICIN	EXACTX	154	154	100.0	100.0	154	WP_002089484.1	aminoglycoside N-acetyltransferase AAC(3)-Ia			470.2847
	accn|MPBW01000005	288258	289070	+	aph(3')-Ia	aminoglycoside O-phosphotransferase APH(3')-Ia	core	AMR	AMR	AMINOGLYCOSIDE	KANAMYCIN	EXACTX	271	271	100.0	100.0	271	WP_000018326.1	aminoglycoside O-phosphotransferase APH(3')-Ia			470.2847
	accn|MPBW01000005	294850	295707	-	blaTEM-1	broad-spectrum class A beta-lactamase TEM-1	core	AMR	AMR	BETA-LACTAM	BETA-LACTAM	ALLELEX	286	286	100.0	100.0	286	WP_000027057.1	broad-spectrum class A beta-lactamase TEM-1			470.2847
	accn|MPBW01000005	300603	301259	+	catA1	type A-1 chloramphenicol O-acetyltransferase	core	AMR	AMR	PHENICOL	CHLORAMPHENICOL	EXACTX	219	219	100.0	100.0	219	WP_000412211.1	type A-1 chloramphenicol O-acetyltransferase			470.2847
	accn|MPBW01000005	305111	306307	-	tet(A)	tetracycline efflux MFS transporter Tet(A)	core	AMR	AMR	TETRACYCLINE	TETRACYCLINE	EXACTX	399	399	100.0	100.0	399	WP_000804064.1	tetracycline efflux MFS transporter Tet(A)			470.2847
	accn|MPBW01000005	313869	314705	-	sul1	sulfonamide-resistant dihydropteroate synthase Sul1	core	AMR	AMR	SULFONAMIDE	SULFONAMIDE	EXACTX	279	279	100.0	100.0	279	WP_000259031.1	sulfonamide-resistant dihydropteroate synthase Sul1			470.2847
	accn|MPBW01000006	37476	38261	-	ant(3'')-IIa	aminoglycoside nucleotidyltransferase ANT(3'')-IIa	core	AMR	AMR	AMINOGLYCOSIDE	SPECTINOMYCIN/STREPTOMYCIN	EXACTX	262	262	100.0	100.0	262	WP_001279062.1	aminoglycoside nucleotidyltransferase ANT(3'')-IIa			470.2847
	accn|470.7338.con.0039	11995	12816	-	blaOXA-66	OXA-51 family carbapenem-hydrolyzing class D beta-lactamase OXA-66	core	AMR	AMR	BETA-LACTAM	CARBAPENEM	ALLELEX	274	274	100.0	100.0	274	WP_001021792.1	OXA-51 family carbapenem-hydrolyzing class D beta-lactamase OXA-66			470.7338
	accn|470.7339.con.0004	35601	36386	-	ant(3'')-IIa	aminoglycoside nucleotidyltransferase ANT(3'')-IIa	core	AMR	AMR	AMINOGLYCOSIDE	SPECTINOMYCIN/STREPTOMYCIN	BLASTX	262	262	100.0	98.85	262	WP_001279062.1	aminoglycoside nucleotidyltransferase ANT(3'')-IIa			470.7339
	accn|470.7339.con.0075	1034	1495	-	aac(3)-Ia	aminoglycoside N-acetyltransferase AAC(3)-Ia	core	AMR	AMR	AMINOGLYCOSIDE	GENTAMICIN	EXACTX	154	154	100.0	100.0	154	WP_002089484.1	aminoglycoside N-acetyltransferase AAC(3)-Ia			470.7339
	accn|470.7339.con.0080	35	859	-	blaOXA-72	OXA-24 family carbapenem-hydrolyzing class D beta-lactamase OXA-72	core	AMR	AMR	BETA-LACTAM	CARBAPENEM	ALLELEX	275	275	100.0	100.0	275	WP_000713530.1	OXA-24 family carbapenem-hydrolyzing class D beta-lactamase OXA-72			470.7339
	accn|470.7343.con.0035	146	958	+	sul2	sulfonamide-resistant dihydropteroate synthase Sul2	core	AMR	AMR	SULFONAMIDE	SULFONAMIDE	EXACTX	271	271	100.0	100.0	271	WP_001043260.1	sulfonamide-resistant dihydropteroate synthase Sul2			470.7343
	accn|470.7344.con.0012	37794	38579	-	ant(3'')-IIa	aminoglycoside nucleotidyltransferase ANT(3'')-IIa	core	AMR	AMR	AMINOGLYCOSIDE	SPECTINOMYCIN/STREPTOMYCIN	BLASTX	262	262	100.0	98.85	262	WP_001279062.1	aminoglycoside nucleotidyltransferase ANT(3'')-IIa			470.7344
	accn|470.7345.con.0009	146649	147812	-	blaADC	ADC family extended-spectrum class C beta-lactamase	core	AMR	AMR	BETA-LACTAM	CEPHALOSPORIN	BLASTX	388	385	100.0	98.97	388	WP_068981607.1	extended-spectrum class C beta-lactamase ADC-100			470.7345
	accn|470.7345.con.0040	6844	7665	-	blaOXA	OXA-51 family carbapenem-hydrolyzing class D beta-lactamase	core	AMR	AMR	BETA-LACTAM	CARBAPENEM	BLASTX	274	274	100.0	99.27	274	WP_001021786.1	OXA-51 family carbapenem-hydrolyzing class D beta-lactamase OXA-113			470.7345
	accn|470.7346.con.0001	283466	284629	-	blaADC	ADC family extended-spectrum class C beta-lactamase	core	AMR	AMR	BETA-LACTAM	CEPHALOSPORIN	BLASTX	388	385	100.0	98.97	388	WP_068981607.1	extended-spectrum class C beta-lactamase ADC-100			470.7346
	accn|470.7346.con.0021	127	1326	-	tet(B)	tetracycline efflux MFS transporter Tet(B)	core	AMR	AMR	TETRACYCLINE	TETRACYCLINE	BLASTX	400	401	99.75	100.0	400	WP_001089072.1	tetracycline efflux MFS transporter Tet(B)			470.7346
	accn|470.7346.con.0021	4702	5535	-	aph(6)-Id	aminoglycoside O-phosphotransferase APH(6)-Id	core	AMR	AMR	AMINOGLYCOSIDE	STREPTOMYCIN	EXACTX	278	278	100.0	100.0	278	WP_000480968.1	aminoglycoside O-phosphotransferase APH(6)-Id			470.7346
	accn|470.7346.con.0021	5538	6338	-	aph(3'')-Ib	aminoglycoside O-phosphotransferase APH(3'')-Ib	core	AMR	AMR	AMINOGLYCOSIDE	STREPTOMYCIN	EXACTX	267	267	100.0	100.0	267	WP_001082319.1	aminoglycoside O-phosphotransferase APH(3'')-Ib			470.7346
	accn|470.7347.con.0001	137	1300	+	blaADC	ADC family extended-spectrum class C beta-lactamase	core	AMR	AMR	BETA-LACTAM	CEPHALOSPORIN	BLASTX	388	385	100.0	98.97	388	WP_068981607.1	extended-spectrum class C beta-lactamase ADC-100			470.7347
	accn|470.7347.con.0007	35869	36654	-	ant(3'')-IIa	aminoglycoside nucleotidyltransferase ANT(3'')-IIa	core	AMR	AMR	AMINOGLYCOSIDE	SPECTINOMYCIN/STREPTOMYCIN	BLASTX	262	262	100.0	98.85	262	WP_001279062.1	aminoglycoside nucleotidyltransferase ANT(3'')-IIa			470.7347
	accn|470.7347.con.0022	127	1326	-	tet(B)	tetracycline efflux MFS transporter Tet(B)	core	AMR	AMR	TETRACYCLINE	TETRACYCLINE	BLASTX	400	401	99.75	100.0	400	WP_001089072.1	tetracycline efflux MFS transporter Tet(B)			470.7347
	accn|470.7347.con.0022	4702	5535	-	aph(6)-Id	aminoglycoside O-phosphotransferase APH(6)-Id	core	AMR	AMR	AMINOGLYCOSIDE	STREPTOMYCIN	EXACTX	278	278	100.0	100.0	278	WP_000480968.1	aminoglycoside O-phosphotransferase APH(6)-Id			470.7347
	accn|470.7347.con.0022	5538	6338	-	aph(3'')-Ib	aminoglycoside O-phosphotransferase APH(3'')-Ib	core	AMR	AMR	AMINOGLYCOSIDE	STREPTOMYCIN	EXACTX	267	267	100.0	100.0	267	WP_001082319.1	aminoglycoside O-phosphotransferase APH(3'')-Ib			470.7347
	accn|470.7348.con.0003	133	954	+	blaOXA	OXA-51 family carbapenem-hydrolyzing class D beta-lactamase	core	AMR	AMR	BETA-LACTAM	CARBAPENEM	BLASTX	274	274	100.0	99.27	274	WP_001021786.1	OXA-51 family carbapenem-hydrolyzing class D beta-lactamase OXA-113			470.7348
	accn|470.7348.con.0021	127	1326	-	tet(B)	tetracycline efflux MFS transporter Tet(B)	core	AMR	AMR	TETRACYCLINE	TETRACYCLINE	BLASTX	400	401	99.75	100.0	400	WP_001089072.1	tetracycline efflux MFS transporter Tet(B)			470.7348
	accn|470.7348.con.0021	4702	5535	-	aph(6)-Id	aminoglycoside O-phosphotransferase APH(6)-Id	core	AMR	AMR	AMINOGLYCOSIDE	STREPTOMYCIN	EXACTX	278	278	100.0	100.0	278	WP_000480968.1	aminoglycoside O-phosphotransferase APH(6)-Id			470.7348
	accn|470.7348.con.0021	5538	6338	-	aph(3'')-Ib	aminoglycoside O-phosphotransferase APH(3'')-Ib	core	AMR	AMR	AMINOGLYCOSIDE	STREPTOMYCIN	EXACTX	267	267	100.0	100.0	267	WP_001082319.1	aminoglycoside O-phosphotransferase APH(3'')-Ib			470.7348
	accn|470.7349.con.0020	8844	10043	-	tet(B)	tetracycline efflux MFS transporter Tet(B)	core	AMR	AMR	TETRACYCLINE	TETRACYCLINE	BLASTX	400	401	99.75	100.0	400	WP_001089072.1	tetracycline efflux MFS transporter Tet(B)			470.7349
	accn|470.7349.con.0020	13419	14252	-	aph(6)-Id	aminoglycoside O-phosphotransferase APH(6)-Id	core	AMR	AMR	AMINOGLYCOSIDE	STREPTOMYCIN	EXACTX	278	278	100.0	100.0	278	WP_000480968.1	aminoglycoside O-phosphotransferase APH(6)-Id			470.7349
	accn|470.7349.con.0020	14255	15055	-	aph(3'')-Ib	aminoglycoside O-phosphotransferase APH(3'')-Ib	core	AMR	AMR	AMINOGLYCOSIDE	STREPTOMYCIN	EXACTX	267	267	100.0	100.0	267	WP_001082319.1	aminoglycoside O-phosphotransferase APH(3'')-Ib			470.7349
	accn|JWXM01000032	1033	1584	+	aac(6')-Ib'	aminoglycoside N-acetyltransferase AAC(6')-Ib'	core	AMR	AMR	AMINOGLYCOSIDE	GENTAMICIN	EXACTX	184	184	100.0	100.0	184	WP_014454105.1	aminoglycoside N-acetyltransferase AAC(6')-Ib'			470.734
	accn|JWXM01000032	1680	2309	+	catB8	type B-3 chloramphenicol O-acetyltransferase CatB8	core	AMR	AMR	PHENICOL	CHLORAMPHENICOL	EXACTX	210	210	100.0	100.0	210	WP_002075262.1	type B-3 chloramphenicol O-acetyltransferase CatB8			470.734
	accn|JWXM01000032	2370	3158	+	aadA1	ANT(3'')-Ia family aminoglycoside nucleotidyltransferase AadA1	core	AMR	AMR	AMINOGLYCOSIDE	STREPTOMYCIN	EXACTX	263	263	100.0	100.0	263	WP_001206316.1	ANT(3'')-Ia family aminoglycoside nucleotidyltransferase AadA1			470.734
	accn|JWXM01000032	3325	3669	+	qacEdelta1	quaternary ammonium compound efflux SMR transporter QacE delta 1	core	STRESS	BIOCIDE	QUATERNARY AMMONIUM	QUATERNARY AMMONIUM	ALLELEX	115	115	100.0	100.0	115	WP_000679427.1	quaternary ammonium compound efflux SMR transporter QacE delta 1			470.734
	accn|JWXM01000032	3666	4502	+	sul1	sulfonamide-resistant dihydropteroate synthase Sul1	core	AMR	AMR	SULFONAMIDE	SULFONAMIDE	EXACTX	279	279	100.0	100.0	279	WP_000259031.1	sulfonamide-resistant dihydropteroate synthase Sul1			470.734
	accn|JWXM01000032	7851	8621	+	armA	16S rRNA (guanine(1405)-N(7))-methyltransferase ArmA	core	AMR	AMR	AMINOGLYCOSIDE	GENTAMICIN	EXACTX	257	257	100.0	100.0	257	WP_000359986.1	16S rRNA (guanine(1405)-N(7))-methyltransferase ArmA			470.734
	accn|JWXM01000032	10923	12395	+	msr(E)	ABC-F type ribosomal protection protein Msr(E)	core	AMR	AMR	MACROLIDE/STREPTOGRAMIN	AZITHROMYCIN/ERYTHROMYCIN/STREPTOGRAMIN	EXACTX	491	491	100.0	100.0	491	WP_000052512.1	ABC-F type ribosomal protection protein Msr(E)			470.734
	accn|JWXM01000032	12454	13335	+	mph(E)	Mph(E) family macrolide 2'-phosphotransferase	core	AMR	AMR	MACROLIDE	ERYTHROMYCIN	EXACTX	294	294	100.0	100.0	294	WP_000155092.1	Mph(E) family macrolide 2'-phosphotransferase			470.734
	accn|JWXM01000073	122	934	+	aph(3')-Ia	aminoglycoside O-phosphotransferase APH(3')-Ia	core	AMR	AMR	AMINOGLYCOSIDE	KANAMYCIN	EXACTX	271	271	100.0	100.0	271	WP_000018326.1	aminoglycoside O-phosphotransferase APH(3')-Ia			470.734
	accn|JWXN01000011	35634	36419	-	ant(3'')-IIa	aminoglycoside nucleotidyltransferase ANT(3'')-IIa	core	AMR	AMR	AMINOGLYCOSIDE	SPECTINOMYCIN/STREPTOMYCIN	BLASTX	262	262	100.0	98.85	262	WP_001279062.1	aminoglycoside nucleotidyltransferase ANT(3'')-IIa			470.735
	accn|JWXN01000043	996	1817	+	blaOXA-66	OXA-51 family carbapenem-hydrolyzing class D beta-lactamase OXA-66	core	AMR	AMR	BETA-LACTAM	CARBAPENEM	ALLELEX	274	274	100.0	100.0	274	WP_001021792.1	OXA-51 family carbapenem-hydrolyzing class D beta-lactamase OXA-66			470.735
	accn|JWXN01000052	11764	12582	-	blaOXA-23	OXA-23 family carbapenem-hydrolyzing class D beta-lactamase OXA-23	core	AMR	AMR	BETA-LACTAM	CARBAPENEM	ALLELEX	273	273	100.0	100.0	273	WP_001046004.1	OXA-23 family carbapenem-hydrolyzing class D beta-lactamase OXA-23			470.735
	accn|470.7374.con.0012	68770	69555	+	ant(3'')-IIa	aminoglycoside nucleotidyltransferase ANT(3'')-IIa	core	AMR	AMR	AMINOGLYCOSIDE	SPECTINOMYCIN/STREPTOMYCIN	BLASTX	262	262	100.0	98.85	262	WP_001279062.1	aminoglycoside nucleotidyltransferase ANT(3'')-IIa			470.7374
	accn|470.7374.con.0013	137	1285	+	blaADC	ADC family extended-spectrum class C beta-lactamase	core	AMR	AMR	BETA-LACTAM	CEPHALOSPORIN	BLASTX	383	383	100.0	99.74	383	WP_001211209.1	extended-spectrum class C beta-lactamase ADC-140			470.7374
	accn|470.7374.con.0045	155	973	+	blaOXA-23	OXA-23 family carbapenem-hydrolyzing class D beta-lactamase OXA-23	core	AMR	AMR	BETA-LACTAM	CARBAPENEM	ALLELEX	273	273	100.0	100.0	273	WP_001046004.1	OXA-23 family carbapenem-hydrolyzing class D beta-lactamase OXA-23			470.7374
	accn|470.7375.con.0009	127913	128698	+	ant(3'')-IIa	aminoglycoside nucleotidyltransferase ANT(3'')-IIa	core	AMR	AMR	AMINOGLYCOSIDE	SPECTINOMYCIN/STREPTOMYCIN	BLASTX	262	262	100.0	98.85	262	WP_001279062.1	aminoglycoside nucleotidyltransferase ANT(3'')-IIa			470.7375
	accn|470.7376.con.0001	353005	354153	-	blaADC-162	extended-spectrum class C beta-lactamase ADC-162	core	AMR	AMR	BETA-LACTAM	CEPHALOSPORIN	ALLELEX	383	383	100.0	100.0	383	WP_031980335.1	extended-spectrum class C beta-lactamase ADC-162			470.7376
	accn|470.7376.con.0037	155	973	+	blaOXA-23	OXA-23 family carbapenem-hydrolyzing class D beta-lactamase OXA-23	core	AMR	AMR	BETA-LACTAM	CARBAPENEM	ALLELEX	273	273	100.0	100.0	273	WP_001046004.1	OXA-23 family carbapenem-hydrolyzing class D beta-lactamase OXA-23			470.7376
	accn|470.7376.con.0056	825	1682	+	blaTEM-1	broad-spectrum class A beta-lactamase TEM-1	core	AMR	AMR	BETA-LACTAM	BETA-LACTAM	ALLELEX	286	286	100.0	100.0	286	WP_000027057.1	broad-spectrum class A beta-lactamase TEM-1			470.7376
	accn|470.7376.con.0059	148	960	+	sul2	sulfonamide-resistant dihydropteroate synthase Sul2	core	AMR	AMR	SULFONAMIDE	SULFONAMIDE	EXACTX	271	271	100.0	100.0	271	WP_001043260.1	sulfonamide-resistant dihydropteroate synthase Sul2			470.7376
	accn|470.7378.con.0001	249	1397	+	blaADC-162	extended-spectrum class C beta-lactamase ADC-162	core	AMR	AMR	BETA-LACTAM	CEPHALOSPORIN	ALLELEX	383	383	100.0	100.0	383	WP_031980335.1	extended-spectrum class C beta-lactamase ADC-162			470.7378
	accn|470.7378.con.0025	36720	37496	-	aph(3')-VIa	aminoglycoside O-phosphotransferase APH(3')-VIa	core	AMR	AMR	AMINOGLYCOSIDE	AMIKACIN/KANAMYCIN	BLASTX	259	259	100.0	99.61	259	WP_000422636.1	aminoglycoside O-phosphotransferase APH(3')-VIa			470.7378
	accn|470.7379.con.0022	127	1326	-	tet(B)	tetracycline efflux MFS transporter Tet(B)	core	AMR	AMR	TETRACYCLINE	TETRACYCLINE	BLASTX	400	401	99.75	100.0	400	WP_001089072.1	tetracycline efflux MFS transporter Tet(B)			470.7379
	accn|470.7379.con.0022	4702	5535	-	aph(6)-Id	aminoglycoside O-phosphotransferase APH(6)-Id	core	AMR	AMR	AMINOGLYCOSIDE	STREPTOMYCIN	EXACTX	278	278	100.0	100.0	278	WP_000480968.1	aminoglycoside O-phosphotransferase APH(6)-Id			470.7379
	accn|470.7379.con.0022	5538	6338	-	aph(3'')-Ib	aminoglycoside O-phosphotransferase APH(3'')-Ib	core	AMR	AMR	AMINOGLYCOSIDE	STREPTOMYCIN	EXACTX	267	267	100.0	100.0	267	WP_001082319.1	aminoglycoside O-phosphotransferase APH(3'')-Ib			470.7379
	accn|470.7379.con.0024	17974	18750	+	aph(3')-VIa	aminoglycoside O-phosphotransferase APH(3')-VIa	core	AMR	AMR	AMINOGLYCOSIDE	AMIKACIN/KANAMYCIN	BLASTX	259	259	100.0	99.61	259	WP_000422636.1	aminoglycoside O-phosphotransferase APH(3')-VIa			470.7379
	accn|470.7379.con.0036	1105	1656	+	aac(6')-Ib'	aminoglycoside N-acetyltransferase AAC(6')-Ib'	core	AMR	AMR	AMINOGLYCOSIDE	GENTAMICIN	EXACTX	184	184	100.0	100.0	184	WP_014454105.1	aminoglycoside N-acetyltransferase AAC(6')-Ib'			470.7379
	accn|470.7379.con.0036	1752	2381	+	catB8	type B-3 chloramphenicol O-acetyltransferase CatB8	core	AMR	AMR	PHENICOL	CHLORAMPHENICOL	EXACTX	210	210	100.0	100.0	210	WP_002075262.1	type B-3 chloramphenicol O-acetyltransferase CatB8			470.7379
	accn|470.7379.con.0036	2442	3230	+	aadA1	ANT(3'')-Ia family aminoglycoside nucleotidyltransferase AadA1	core	AMR	AMR	AMINOGLYCOSIDE	STREPTOMYCIN	EXACTX	263	263	100.0	100.0	263	WP_001206316.1	ANT(3'')-Ia family aminoglycoside nucleotidyltransferase AadA1			470.7379
	accn|470.7379.con.0036	3397	3741	+	qacEdelta1	quaternary ammonium compound efflux SMR transporter QacE delta 1	core	STRESS	BIOCIDE	QUATERNARY AMMONIUM	QUATERNARY AMMONIUM	ALLELEX	115	115	100.0	100.0	115	WP_000679427.1	quaternary ammonium compound efflux SMR transporter QacE delta 1			470.7379
	accn|470.7379.con.0036	3738	4574	+	sul1	sulfonamide-resistant dihydropteroate synthase Sul1	core	AMR	AMR	SULFONAMIDE	SULFONAMIDE	EXACTX	279	279	100.0	100.0	279	WP_000259031.1	sulfonamide-resistant dihydropteroate synthase Sul1			470.7379
	accn|470.7379.con.0036	7923	8693	+	armA	16S rRNA (guanine(1405)-N(7))-methyltransferase ArmA	core	AMR	AMR	AMINOGLYCOSIDE	GENTAMICIN	EXACTX	257	257	100.0	100.0	257	WP_000359986.1	16S rRNA (guanine(1405)-N(7))-methyltransferase ArmA			470.7379
	accn|470.7379.con.0036	10995	12467	+	msr(E)	ABC-F type ribosomal protection protein Msr(E)	core	AMR	AMR	MACROLIDE/STREPTOGRAMIN	AZITHROMYCIN/ERYTHROMYCIN/STREPTOGRAMIN	EXACTX	491	491	100.0	100.0	491	WP_000052512.1	ABC-F type ribosomal protection protein Msr(E)			470.7379
	accn|470.7379.con.0036	12526	13407	+	mph(E)	Mph(E) family macrolide 2'-phosphotransferase	core	AMR	AMR	MACROLIDE	ERYTHROMYCIN	EXACTX	294	294	100.0	100.0	294	WP_000155092.1	Mph(E) family macrolide 2'-phosphotransferase			470.7379
	accn|470.7379.con.0040	11786	12604	-	blaOXA-23	OXA-23 family carbapenem-hydrolyzing class D beta-lactamase OXA-23	core	AMR	AMR	BETA-LACTAM	CARBAPENEM	ALLELEX	273	273	100.0	100.0	273	WP_001046004.1	OXA-23 family carbapenem-hydrolyzing class D beta-lactamase OXA-23			470.7379
	accn|470.7379.con.0064	1	564	+	aph(3')-Ia	aminoglycoside O-phosphotransferase APH(3')-Ia	core	AMR	AMR	AMINOGLYCOSIDE	KANAMYCIN	PARTIAL_CONTIG_ENDX	188	271	69.37	100.0	188	WP_000018326.1	aminoglycoside O-phosphotransferase APH(3')-Ia			470.7379
	accn|470.7381.con.0012	137	1285	+	blaADC-30	extended-spectrum class C beta-lactamase ADC-30	core	AMR	AMR	BETA-LACTAM	CEPHALOSPORIN	ALLELEX	383	383	100.0	100.0	383	WP_001211218.1	extended-spectrum class C beta-lactamase ADC-30			470.7381
	accn|470.7381.con.0014	142464	143285	-	blaOXA-82	OXA-51 family carbapenem-hydrolyzing class D beta-lactamase OXA-82	core	AMR	AMR	BETA-LACTAM	CARBAPENEM	ALLELEX	274	274	100.0	100.0	274	WP_001021793.1	OXA-51 family carbapenem-hydrolyzing class D beta-lactamase OXA-82			470.7381
	accn|470.7381.con.0016	59326	60126	+	aph(3'')-Ib	aminoglycoside O-phosphotransferase APH(3'')-Ib	core	AMR	AMR	AMINOGLYCOSIDE	STREPTOMYCIN	EXACTX	267	267	100.0	100.0	267	WP_001082319.1	aminoglycoside O-phosphotransferase APH(3'')-Ib			470.7381
	accn|470.7381.con.0016	60129	60962	+	aph(6)-Id	aminoglycoside O-phosphotransferase APH(6)-Id	core	AMR	AMR	AMINOGLYCOSIDE	STREPTOMYCIN	EXACTX	278	278	100.0	100.0	278	WP_000480968.1	aminoglycoside O-phosphotransferase APH(6)-Id			470.7381
	accn|470.7381.con.0016	64338	65537	+	tet(B)	tetracycline efflux MFS transporter Tet(B)	core	AMR	AMR	TETRACYCLINE	TETRACYCLINE	BLASTX	400	401	99.75	100.0	400	WP_001089072.1	tetracycline efflux MFS transporter Tet(B)			470.7381
	accn|470.7381.con.0041	194	1006	+	aph(3')-Ia	aminoglycoside O-phosphotransferase APH(3')-Ia	core	AMR	AMR	AMINOGLYCOSIDE	KANAMYCIN	EXACTX	271	271	100.0	100.0	271	WP_000018326.1	aminoglycoside O-phosphotransferase APH(3')-Ia			470.7381
	accn|470.7381.con.0042	698	1555	+	blaTEM-1	broad-spectrum class A beta-lactamase TEM-1	core	AMR	AMR	BETA-LACTAM	BETA-LACTAM	ALLELEX	286	286	100.0	100.0	286	WP_000027057.1	broad-spectrum class A beta-lactamase TEM-1			470.7381
	accn|470.7382.con.0040	155	973	+	blaOXA-23	OXA-23 family carbapenem-hydrolyzing class D beta-lactamase OXA-23	core	AMR	AMR	BETA-LACTAM	CARBAPENEM	ALLELEX	273	273	100.0	100.0	273	WP_001046004.1	OXA-23 family carbapenem-hydrolyzing class D beta-lactamase OXA-23			470.7382
	accn|470.7383.con.0014	40990	42189	-	tet(B)	tetracycline efflux MFS transporter Tet(B)	core	AMR	AMR	TETRACYCLINE	TETRACYCLINE	BLASTX	400	401	99.75	100.0	400	WP_001089072.1	tetracycline efflux MFS transporter Tet(B)			470.7383
	accn|470.7383.con.0014	45565	46398	-	aph(6)-Id	aminoglycoside O-phosphotransferase APH(6)-Id	core	AMR	AMR	AMINOGLYCOSIDE	STREPTOMYCIN	EXACTX	278	278	100.0	100.0	278	WP_000480968.1	aminoglycoside O-phosphotransferase APH(6)-Id			470.7383
	accn|470.7383.con.0014	46401	47201	-	aph(3'')-Ib	aminoglycoside O-phosphotransferase APH(3'')-Ib	core	AMR	AMR	AMINOGLYCOSIDE	STREPTOMYCIN	EXACTX	267	267	100.0	100.0	267	WP_001082319.1	aminoglycoside O-phosphotransferase APH(3'')-Ib			470.7383
	accn|470.7383.con.0052	1	564	+	aph(3')-Ia	aminoglycoside O-phosphotransferase APH(3')-Ia	core	AMR	AMR	AMINOGLYCOSIDE	KANAMYCIN	PARTIAL_CONTIG_ENDX	188	271	69.37	100.0	188	WP_000018326.1	aminoglycoside O-phosphotransferase APH(3')-Ia			470.7383
	accn|470.7384.con.0013	23744	24529	-	ant(3'')-IIa	aminoglycoside nucleotidyltransferase ANT(3'')-IIa	core	AMR	AMR	AMINOGLYCOSIDE	SPECTINOMYCIN/STREPTOMYCIN	BLASTX	262	262	100.0	99.24	262	WP_001112624.1	aminoglycoside nucleotidyltransferase ANT(3'')-IIa			470.7384
	accn|470.7385.con.0001	361	1509	+	blaADC-215	extended-spectrum class C beta-lactamase ADC-215	core	AMR	AMR	BETA-LACTAM	CEPHALOSPORIN	ALLELEX	383	383	100.0	100.0	383	WP_039098799.1	extended-spectrum class C beta-lactamase ADC-215			470.7385
	accn|470.7385.con.0059	862	1719	-	aac(3)-IIe	aminoglycoside N-acetyltransferase AAC(3)-IIe	core	AMR	AMR	AMINOGLYCOSIDE	GENTAMICIN	EXACTX	286	286	100.0	100.0	286	WP_000557452.1	aminoglycoside N-acetyltransferase AAC(3)-IIe			470.7385
	accn|470.7385.con.0059	1864	2721	-	blaTEM-1	broad-spectrum class A beta-lactamase TEM-1	core	AMR	AMR	BETA-LACTAM	BETA-LACTAM	ALLELEX	286	286	100.0	100.0	286	WP_000027057.1	broad-spectrum class A beta-lactamase TEM-1			470.7385
	accn|470.7386.con.0008	127942	128727	+	ant(3'')-IIa	aminoglycoside nucleotidyltransferase ANT(3'')-IIa	core	AMR	AMR	AMINOGLYCOSIDE	SPECTINOMYCIN/STREPTOMYCIN	BLASTX	262	262	100.0	98.85	262	WP_001279062.1	aminoglycoside nucleotidyltransferase ANT(3'')-IIa			470.7386
	accn|470.7387.con.0080	145	957	+	sul2	sulfonamide-resistant dihydropteroate synthase Sul2	core	AMR	AMR	SULFONAMIDE	SULFONAMIDE	EXACTX	271	271	100.0	100.0	271	WP_001043260.1	sulfonamide-resistant dihydropteroate synthase Sul2			470.7387
	accn|470.7388.con.0032	1105	1656	+	aac(6')-Ib'	aminoglycoside N-acetyltransferase AAC(6')-Ib'	core	AMR	AMR	AMINOGLYCOSIDE	GENTAMICIN	EXACTX	184	184	100.0	100.0	184	WP_014454105.1	aminoglycoside N-acetyltransferase AAC(6')-Ib'			470.7388
	accn|470.7388.con.0032	1752	2381	+	catB8	type B-3 chloramphenicol O-acetyltransferase CatB8	core	AMR	AMR	PHENICOL	CHLORAMPHENICOL	EXACTX	210	210	100.0	100.0	210	WP_002075262.1	type B-3 chloramphenicol O-acetyltransferase CatB8			470.7388
	accn|470.7388.con.0032	2442	3230	+	aadA1	ANT(3'')-Ia family aminoglycoside nucleotidyltransferase AadA1	core	AMR	AMR	AMINOGLYCOSIDE	STREPTOMYCIN	EXACTX	263	263	100.0	100.0	263	WP_001206316.1	ANT(3'')-Ia family aminoglycoside nucleotidyltransferase AadA1			470.7388
	accn|470.7388.con.0032	3397	3741	+	qacEdelta1	quaternary ammonium compound efflux SMR transporter QacE delta 1	core	STRESS	BIOCIDE	QUATERNARY AMMONIUM	QUATERNARY AMMONIUM	ALLELEX	115	115	100.0	100.0	115	WP_000679427.1	quaternary ammonium compound efflux SMR transporter QacE delta 1			470.7388
	accn|470.7388.con.0032	3738	4574	+	sul1	sulfonamide-resistant dihydropteroate synthase Sul1	core	AMR	AMR	SULFONAMIDE	SULFONAMIDE	EXACTX	279	279	100.0	100.0	279	WP_000259031.1	sulfonamide-resistant dihydropteroate synthase Sul1			470.7388
	accn|470.7388.con.0032	7922	8692	+	armA	16S rRNA (guanine(1405)-N(7))-methyltransferase ArmA	core	AMR	AMR	AMINOGLYCOSIDE	GENTAMICIN	EXACTX	257	257	100.0	100.0	257	WP_000359986.1	16S rRNA (guanine(1405)-N(7))-methyltransferase ArmA			470.7388
	accn|470.7388.con.0032	10994	12466	+	msr(E)	ABC-F type ribosomal protection protein Msr(E)	core	AMR	AMR	MACROLIDE/STREPTOGRAMIN	AZITHROMYCIN/ERYTHROMYCIN/STREPTOGRAMIN	EXACTX	491	491	100.0	100.0	491	WP_000052512.1	ABC-F type ribosomal protection protein Msr(E)			470.7388
	accn|470.7388.con.0032	12525	13406	+	mph(E)	Mph(E) family macrolide 2'-phosphotransferase	core	AMR	AMR	MACROLIDE	ERYTHROMYCIN	EXACTX	294	294	100.0	100.0	294	WP_000155092.1	Mph(E) family macrolide 2'-phosphotransferase			470.7388
	accn|470.7389.con.0007	6064	6885	-	blaOXA	OXA-51 family carbapenem-hydrolyzing class D beta-lactamase	core	AMR	AMR	BETA-LACTAM	CARBAPENEM	INTERNAL_STOP	274	274	100.0	99.64	274	WP_001021792.1	OXA-51 family carbapenem-hydrolyzing class D beta-lactamase OXA-66			470.7389
	accn|470.7389.con.0026	40434	41234	+	aph(3'')-Ib	aminoglycoside O-phosphotransferase APH(3'')-Ib	core	AMR	AMR	AMINOGLYCOSIDE	STREPTOMYCIN	EXACTX	267	267	100.0	100.0	267	WP_001082319.1	aminoglycoside O-phosphotransferase APH(3'')-Ib			470.7389
	accn|470.7389.con.0026	41237	42070	+	aph(6)-Id	aminoglycoside O-phosphotransferase APH(6)-Id	core	AMR	AMR	AMINOGLYCOSIDE	STREPTOMYCIN	EXACTX	278	278	100.0	100.0	278	WP_000480968.1	aminoglycoside O-phosphotransferase APH(6)-Id			470.7389
	accn|470.7389.con.0026	45446	46645	+	tet(B)	tetracycline efflux MFS transporter Tet(B)	core	AMR	AMR	TETRACYCLINE	TETRACYCLINE	BLASTX	400	401	99.75	100.0	400	WP_001089072.1	tetracycline efflux MFS transporter Tet(B)			470.7389
	accn|470.7389.con.0070	458	1270	-	sul2	sulfonamide-resistant dihydropteroate synthase Sul2	core	AMR	AMR	SULFONAMIDE	SULFONAMIDE	EXACTX	271	271	100.0	100.0	271	WP_001043260.1	sulfonamide-resistant dihydropteroate synthase Sul2			470.7389
	accn|470.7392.con.0030	6308	7093	-	ant(3'')-IIa	aminoglycoside nucleotidyltransferase ANT(3'')-IIa	core	AMR	AMR	AMINOGLYCOSIDE	SPECTINOMYCIN/STREPTOMYCIN	BLASTX	262	262	100.0	98.85	262	WP_001279062.1	aminoglycoside nucleotidyltransferase ANT(3'')-IIa			470.7392
	accn|470.7392.con.0324	88	912	+	blaOXA-72	OXA-24 family carbapenem-hydrolyzing class D beta-lactamase OXA-72	core	AMR	AMR	BETA-LACTAM	CARBAPENEM	ALLELEX	275	275	100.0	100.0	275	WP_000713530.1	OXA-24 family carbapenem-hydrolyzing class D beta-lactamase OXA-72			470.7392
	accn|470.7394.con.0081	8641	9474	-	aph(6)-Id	aminoglycoside O-phosphotransferase APH(6)-Id	core	AMR	AMR	AMINOGLYCOSIDE	STREPTOMYCIN	EXACTX	278	278	100.0	100.0	278	WP_000480968.1	aminoglycoside O-phosphotransferase APH(6)-Id			470.7394
	accn|470.7394.con.0081	9477	10277	-	aph(3'')-Ib	aminoglycoside O-phosphotransferase APH(3'')-Ib	core	AMR	AMR	AMINOGLYCOSIDE	STREPTOMYCIN	EXACTX	267	267	100.0	100.0	267	WP_001082319.1	aminoglycoside O-phosphotransferase APH(3'')-Ib			470.7394
	accn|470.7394.con.0120	862	1719	-	aac(3)-IIe	aminoglycoside N-acetyltransferase AAC(3)-IIe	core	AMR	AMR	AMINOGLYCOSIDE	GENTAMICIN	EXACTX	286	286	100.0	100.0	286	WP_000557452.1	aminoglycoside N-acetyltransferase AAC(3)-IIe			470.7394
	accn|470.7394.con.0120	1864	2721	-	blaTEM-1	broad-spectrum class A beta-lactamase TEM-1	core	AMR	AMR	BETA-LACTAM	BETA-LACTAM	ALLELEX	286	286	100.0	100.0	286	WP_000027057.1	broad-spectrum class A beta-lactamase TEM-1			470.7394
	accn|470.7395.con.0020	59326	60126	+	aph(3'')-Ib	aminoglycoside O-phosphotransferase APH(3'')-Ib	core	AMR	AMR	AMINOGLYCOSIDE	STREPTOMYCIN	EXACTX	267	267	100.0	100.0	267	WP_001082319.1	aminoglycoside O-phosphotransferase APH(3'')-Ib			470.7395
	accn|470.7395.con.0020	60129	60962	+	aph(6)-Id	aminoglycoside O-phosphotransferase APH(6)-Id	core	AMR	AMR	AMINOGLYCOSIDE	STREPTOMYCIN	EXACTX	278	278	100.0	100.0	278	WP_000480968.1	aminoglycoside O-phosphotransferase APH(6)-Id			470.7395
	accn|470.7395.con.0020	64338	65537	+	tet(B)	tetracycline efflux MFS transporter Tet(B)	core	AMR	AMR	TETRACYCLINE	TETRACYCLINE	BLASTX	400	401	99.75	100.0	400	WP_001089072.1	tetracycline efflux MFS transporter Tet(B)			470.7395
	accn|470.7395.con.0048	11868	12689	-	blaOXA-66	OXA-51 family carbapenem-hydrolyzing class D beta-lactamase OXA-66	core	AMR	AMR	BETA-LACTAM	CARBAPENEM	ALLELEX	274	274	100.0	100.0	274	WP_001021792.1	OXA-51 family carbapenem-hydrolyzing class D beta-lactamase OXA-66			470.7395
	accn|470.7395.con.0068	825	1682	+	blaTEM-1	broad-spectrum class A beta-lactamase TEM-1	core	AMR	AMR	BETA-LACTAM	BETA-LACTAM	ALLELEX	286	286	100.0	100.0	286	WP_000027057.1	broad-spectrum class A beta-lactamase TEM-1			470.7395
	accn|470.7396.con.0152	654	1466	-	aph(3')-Ia	aminoglycoside O-phosphotransferase APH(3')-Ia	core	AMR	AMR	AMINOGLYCOSIDE	KANAMYCIN	BLASTX	271	271	100.0	99.26	271	WP_012695470.1	aminoglycoside O-phosphotransferase APH(3')-Ia			470.7396
	accn|470.7398.con.0037	136	1284	+	blaADC-30	extended-spectrum class C beta-lactamase ADC-30	core	AMR	AMR	BETA-LACTAM	CEPHALOSPORIN	ALLELEX	383	383	100.0	100.0	383	WP_001211218.1	extended-spectrum class C beta-lactamase ADC-30			470.7398
	accn|470.7398.con.0055	4282	5163	-	mph(E)	Mph(E) family macrolide 2'-phosphotransferase	core	AMR	AMR	MACROLIDE	ERYTHROMYCIN	EXACTX	294	294	100.0	100.0	294	WP_000155092.1	Mph(E) family macrolide 2'-phosphotransferase			470.7398
	accn|470.7398.con.0055	5222	6694	-	msr(E)	ABC-F type ribosomal protection protein Msr(E)	core	AMR	AMR	MACROLIDE/STREPTOGRAMIN	AZITHROMYCIN/ERYTHROMYCIN/STREPTOGRAMIN	EXACTX	491	491	100.0	100.0	491	WP_000052512.1	ABC-F type ribosomal protection protein Msr(E)			470.7398
	accn|470.7398.con.0055	8996	9766	-	armA	16S rRNA (guanine(1405)-N(7))-methyltransferase ArmA	core	AMR	AMR	AMINOGLYCOSIDE	GENTAMICIN	EXACTX	257	257	100.0	100.0	257	WP_000359986.1	16S rRNA (guanine(1405)-N(7))-methyltransferase ArmA			470.7398
	accn|470.7398.con.0055	13115	13951	-	sul1	sulfonamide-resistant dihydropteroate synthase Sul1	core	AMR	AMR	SULFONAMIDE	SULFONAMIDE	EXACTX	279	279	100.0	100.0	279	WP_000259031.1	sulfonamide-resistant dihydropteroate synthase Sul1			470.7398
	accn|470.7398.con.0055	13948	14292	-	qacEdelta1	quaternary ammonium compound efflux SMR transporter QacE delta 1	core	STRESS	BIOCIDE	QUATERNARY AMMONIUM	QUATERNARY AMMONIUM	ALLELEX	115	115	100.0	100.0	115	WP_000679427.1	quaternary ammonium compound efflux SMR transporter QacE delta 1			470.7398
	accn|470.7398.con.0055	14459	15247	-	aadA1	ANT(3'')-Ia family aminoglycoside nucleotidyltransferase AadA1	core	AMR	AMR	AMINOGLYCOSIDE	STREPTOMYCIN	EXACTX	263	263	100.0	100.0	263	WP_001206316.1	ANT(3'')-Ia family aminoglycoside nucleotidyltransferase AadA1			470.7398
	accn|470.7398.con.0055	15308	15937	-	catB8	type B-3 chloramphenicol O-acetyltransferase CatB8	core	AMR	AMR	PHENICOL	CHLORAMPHENICOL	EXACTX	210	210	100.0	100.0	210	WP_002075262.1	type B-3 chloramphenicol O-acetyltransferase CatB8			470.7398
	accn|470.7398.con.0055	16033	16584	-	aac(6')-Ib'	aminoglycoside N-acetyltransferase AAC(6')-Ib'	core	AMR	AMR	AMINOGLYCOSIDE	GENTAMICIN	EXACTX	184	184	100.0	100.0	184	WP_014454105.1	aminoglycoside N-acetyltransferase AAC(6')-Ib'			470.7398
	accn|470.7398.con.0112	1	564	+	aph(3')-Ia	aminoglycoside O-phosphotransferase APH(3')-Ia	core	AMR	AMR	AMINOGLYCOSIDE	KANAMYCIN	PARTIAL_CONTIG_ENDX	188	271	69.37	100.0	188	WP_000018326.1	aminoglycoside O-phosphotransferase APH(3')-Ia			470.7398
	accn|470.7399.con.0063	153	929	-	aph(3')-VIa	aminoglycoside O-phosphotransferase APH(3')-VIa	core	AMR	AMR	AMINOGLYCOSIDE	AMIKACIN/KANAMYCIN	EXACTX	259	259	100.0	100.0	259	WP_000422636.1	aminoglycoside O-phosphotransferase APH(3')-VIa			470.7399
	accn|JWXR01000040	1033	1584	+	aac(6')-Ib'	aminoglycoside N-acetyltransferase AAC(6')-Ib'	core	AMR	AMR	AMINOGLYCOSIDE	GENTAMICIN	EXACTX	184	184	100.0	100.0	184	WP_014454105.1	aminoglycoside N-acetyltransferase AAC(6')-Ib'			470.739
	accn|JWXR01000040	1680	2309	+	catB8	type B-3 chloramphenicol O-acetyltransferase CatB8	core	AMR	AMR	PHENICOL	CHLORAMPHENICOL	EXACTX	210	210	100.0	100.0	210	WP_002075262.1	type B-3 chloramphenicol O-acetyltransferase CatB8			470.739
	accn|JWXR01000040	2370	3158	+	aadA1	ANT(3'')-Ia family aminoglycoside nucleotidyltransferase AadA1	core	AMR	AMR	AMINOGLYCOSIDE	STREPTOMYCIN	EXACTX	263	263	100.0	100.0	263	WP_001206316.1	ANT(3'')-Ia family aminoglycoside nucleotidyltransferase AadA1			470.739
	accn|JWXR01000040	3325	3669	+	qacEdelta1	quaternary ammonium compound efflux SMR transporter QacE delta 1	core	STRESS	BIOCIDE	QUATERNARY AMMONIUM	QUATERNARY AMMONIUM	ALLELEX	115	115	100.0	100.0	115	WP_000679427.1	quaternary ammonium compound efflux SMR transporter QacE delta 1			470.739
	accn|JWXR01000040	3666	4502	+	sul1	sulfonamide-resistant dihydropteroate synthase Sul1	core	AMR	AMR	SULFONAMIDE	SULFONAMIDE	EXACTX	279	279	100.0	100.0	279	WP_000259031.1	sulfonamide-resistant dihydropteroate synthase Sul1			470.739
	accn|JWXR01000040	7851	8621	+	armA	16S rRNA (guanine(1405)-N(7))-methyltransferase ArmA	core	AMR	AMR	AMINOGLYCOSIDE	GENTAMICIN	EXACTX	257	257	100.0	100.0	257	WP_000359986.1	16S rRNA (guanine(1405)-N(7))-methyltransferase ArmA			470.739
	accn|JWXR01000040	10923	12395	+	msr(E)	ABC-F type ribosomal protection protein Msr(E)	core	AMR	AMR	MACROLIDE/STREPTOGRAMIN	AZITHROMYCIN/ERYTHROMYCIN/STREPTOGRAMIN	EXACTX	491	491	100.0	100.0	491	WP_000052512.1	ABC-F type ribosomal protection protein Msr(E)			470.739
	accn|JWXR01000040	12454	13335	+	mph(E)	Mph(E) family macrolide 2'-phosphotransferase	core	AMR	AMR	MACROLIDE	ERYTHROMYCIN	EXACTX	294	294	100.0	100.0	294	WP_000155092.1	Mph(E) family macrolide 2'-phosphotransferase			470.739
	accn|JWXR01000060	11764	12582	-	blaOXA-23	OXA-23 family carbapenem-hydrolyzing class D beta-lactamase OXA-23	core	AMR	AMR	BETA-LACTAM	CARBAPENEM	ALLELEX	273	273	100.0	100.0	273	WP_001046004.1	OXA-23 family carbapenem-hydrolyzing class D beta-lactamase OXA-23			470.739
	accn|470.7401.con.0061	146	958	+	sul2	sulfonamide-resistant dihydropteroate synthase Sul2	core	AMR	AMR	SULFONAMIDE	SULFONAMIDE	EXACTX	271	271	100.0	100.0	271	WP_001043260.1	sulfonamide-resistant dihydropteroate synthase Sul2			470.7401
	accn|470.7403.con.0032	21412	22233	-	blaOXA-66	OXA-51 family carbapenem-hydrolyzing class D beta-lactamase OXA-66	core	AMR	AMR	BETA-LACTAM	CARBAPENEM	ALLELEX	274	274	100.0	100.0	274	WP_001021792.1	OXA-51 family carbapenem-hydrolyzing class D beta-lactamase OXA-66			470.7403
	accn|470.7403.con.0041	4281	5162	-	mph(E)	Mph(E) family macrolide 2'-phosphotransferase	core	AMR	AMR	MACROLIDE	ERYTHROMYCIN	EXACTX	294	294	100.0	100.0	294	WP_000155092.1	Mph(E) family macrolide 2'-phosphotransferase			470.7403
	accn|470.7403.con.0041	5221	6693	-	msr(E)	ABC-F type ribosomal protection protein Msr(E)	core	AMR	AMR	MACROLIDE/STREPTOGRAMIN	AZITHROMYCIN/ERYTHROMYCIN/STREPTOGRAMIN	EXACTX	491	491	100.0	100.0	491	WP_000052512.1	ABC-F type ribosomal protection protein Msr(E)			470.7403
	accn|470.7403.con.0041	8995	9765	-	armA	16S rRNA (guanine(1405)-N(7))-methyltransferase ArmA	core	AMR	AMR	AMINOGLYCOSIDE	GENTAMICIN	EXACTX	257	257	100.0	100.0	257	WP_000359986.1	16S rRNA (guanine(1405)-N(7))-methyltransferase ArmA			470.7403
	accn|470.7403.con.0041	13114	13950	-	sul1	sulfonamide-resistant dihydropteroate synthase Sul1	core	AMR	AMR	SULFONAMIDE	SULFONAMIDE	EXACTX	279	279	100.0	100.0	279	WP_000259031.1	sulfonamide-resistant dihydropteroate synthase Sul1			470.7403
	accn|470.7403.con.0041	13947	14291	-	qacEdelta1	quaternary ammonium compound efflux SMR transporter QacE delta 1	core	STRESS	BIOCIDE	QUATERNARY AMMONIUM	QUATERNARY AMMONIUM	ALLELEX	115	115	100.0	100.0	115	WP_000679427.1	quaternary ammonium compound efflux SMR transporter QacE delta 1			470.7403
	accn|470.7403.con.0041	14458	15246	-	aadA1	ANT(3'')-Ia family aminoglycoside nucleotidyltransferase AadA1	core	AMR	AMR	AMINOGLYCOSIDE	STREPTOMYCIN	EXACTX	263	263	100.0	100.0	263	WP_001206316.1	ANT(3'')-Ia family aminoglycoside nucleotidyltransferase AadA1			470.7403
	accn|470.7403.con.0041	15307	15936	-	catB8	type B-3 chloramphenicol O-acetyltransferase CatB8	core	AMR	AMR	PHENICOL	CHLORAMPHENICOL	EXACTX	210	210	100.0	100.0	210	WP_002075262.1	type B-3 chloramphenicol O-acetyltransferase CatB8			470.7403
	accn|470.7403.con.0041	16032	16583	-	aac(6')-Ib'	aminoglycoside N-acetyltransferase AAC(6')-Ib'	core	AMR	AMR	AMINOGLYCOSIDE	GENTAMICIN	EXACTX	184	184	100.0	100.0	184	WP_014454105.1	aminoglycoside N-acetyltransferase AAC(6')-Ib'			470.7403
	accn|470.7403.con.0067	193	1005	+	aph(3')-Ia	aminoglycoside O-phosphotransferase APH(3')-Ia	core	AMR	AMR	AMINOGLYCOSIDE	KANAMYCIN	EXACTX	271	271	100.0	100.0	271	WP_000018326.1	aminoglycoside O-phosphotransferase APH(3')-Ia			470.7403
	accn|470.7405.con.0002	162	1310	+	blaADC-214	extended-spectrum class C beta-lactamase ADC-214	core	AMR	AMR	BETA-LACTAM	CEPHALOSPORIN	ALLELEX	383	383	100.0	100.0	383	WP_060454527.1	extended-spectrum class C beta-lactamase ADC-214			470.7405
	accn|470.7405.con.0050	180	1004	-	blaOXA-24	OXA-24 family carbapenem-hydrolyzing class D beta-lactamase OXA-24	core	AMR	AMR	BETA-LACTAM	CARBAPENEM	ALLELEX	275	275	100.0	100.0	275	WP_012754353.1	OXA-24 family carbapenem-hydrolyzing class D beta-lactamase OXA-24			470.7405
	accn|470.7406.con.0038	157	957	+	aph(3'')-Ib	aminoglycoside O-phosphotransferase APH(3'')-Ib	core	AMR	AMR	AMINOGLYCOSIDE	STREPTOMYCIN	EXACTX	267	267	100.0	100.0	267	WP_001082319.1	aminoglycoside O-phosphotransferase APH(3'')-Ib			470.7406
	accn|470.7406.con.0038	960	1793	+	aph(6)-Id	aminoglycoside O-phosphotransferase APH(6)-Id	core	AMR	AMR	AMINOGLYCOSIDE	STREPTOMYCIN	EXACTX	278	278	100.0	100.0	278	WP_000480968.1	aminoglycoside O-phosphotransferase APH(6)-Id			470.7406
	accn|470.7406.con.0042	7313	8137	+	blaOXA-24	OXA-24 family carbapenem-hydrolyzing class D beta-lactamase OXA-24	core	AMR	AMR	BETA-LACTAM	CARBAPENEM	ALLELEX	275	275	100.0	100.0	275	WP_012754353.1	OXA-24 family carbapenem-hydrolyzing class D beta-lactamase OXA-24			470.7406
	accn|470.7406.con.0052	143	955	+	sul2	sulfonamide-resistant dihydropteroate synthase Sul2	core	AMR	AMR	SULFONAMIDE	SULFONAMIDE	EXACTX	271	271	100.0	100.0	271	WP_001043260.1	sulfonamide-resistant dihydropteroate synthase Sul2			470.7406
	accn|470.7408.con.0057	146	1003	-	blaTEM-1	broad-spectrum class A beta-lactamase TEM-1	core	AMR	AMR	BETA-LACTAM	BETA-LACTAM	ALLELEX	286	286	100.0	100.0	286	WP_000027057.1	broad-spectrum class A beta-lactamase TEM-1			470.7408
	accn|470.7409.con.0013	41034	42233	-	tet(B)	tetracycline efflux MFS transporter Tet(B)	core	AMR	AMR	TETRACYCLINE	TETRACYCLINE	BLASTX	400	401	99.75	100.0	400	WP_001089072.1	tetracycline efflux MFS transporter Tet(B)			470.7409
	accn|470.7409.con.0013	45609	46442	-	aph(6)-Id	aminoglycoside O-phosphotransferase APH(6)-Id	core	AMR	AMR	AMINOGLYCOSIDE	STREPTOMYCIN	EXACTX	278	278	100.0	100.0	278	WP_000480968.1	aminoglycoside O-phosphotransferase APH(6)-Id			470.7409
	accn|470.7409.con.0013	46445	47245	-	aph(3'')-Ib	aminoglycoside O-phosphotransferase APH(3'')-Ib	core	AMR	AMR	AMINOGLYCOSIDE	STREPTOMYCIN	EXACTX	267	267	100.0	100.0	267	WP_001082319.1	aminoglycoside O-phosphotransferase APH(3'')-Ib			470.7409
	accn|470.7409.con.0038	130	633	+	ant(3'')-IIa	aminoglycoside nucleotidyltransferase ANT(3'')-IIa	core	AMR	AMR	AMINOGLYCOSIDE	SPECTINOMYCIN/STREPTOMYCIN	PARTIALX	168	262	64.12	99.4	168	WP_001279068.1	aminoglycoside nucleotidyltransferase ANT(3'')-IIa			470.7409
	accn|470.7411.con.0017	89512	90333	-	blaOXA-82	OXA-51 family carbapenem-hydrolyzing class D beta-lactamase OXA-82	core	AMR	AMR	BETA-LACTAM	CARBAPENEM	ALLELEX	274	274	100.0	100.0	274	WP_001021793.1	OXA-51 family carbapenem-hydrolyzing class D beta-lactamase OXA-82			470.7411
	accn|470.7411.con.0040	731	1612	-	mph(E)	Mph(E) family macrolide 2'-phosphotransferase	core	AMR	AMR	MACROLIDE	ERYTHROMYCIN	EXACTX	294	294	100.0	100.0	294	WP_000155092.1	Mph(E) family macrolide 2'-phosphotransferase			470.7411
	accn|470.7411.con.0040	1671	3143	-	msr(E)	ABC-F type ribosomal protection protein Msr(E)	core	AMR	AMR	MACROLIDE/STREPTOGRAMIN	AZITHROMYCIN/ERYTHROMYCIN/STREPTOGRAMIN	EXACTX	491	491	100.0	100.0	491	WP_000052512.1	ABC-F type ribosomal protection protein Msr(E)			470.7411
	accn|470.7411.con.0040	5445	6215	-	armA	16S rRNA (guanine(1405)-N(7))-methyltransferase ArmA	core	AMR	AMR	AMINOGLYCOSIDE	GENTAMICIN	EXACTX	257	257	100.0	100.0	257	WP_000359986.1	16S rRNA (guanine(1405)-N(7))-methyltransferase ArmA			470.7411
	accn|470.7411.con.0040	9563	10399	-	sul1	sulfonamide-resistant dihydropteroate synthase Sul1	core	AMR	AMR	SULFONAMIDE	SULFONAMIDE	EXACTX	279	279	100.0	100.0	279	WP_000259031.1	sulfonamide-resistant dihydropteroate synthase Sul1			470.7411
	accn|470.7411.con.0040	10396	10740	-	qacEdelta1	quaternary ammonium compound efflux SMR transporter QacE delta 1	core	STRESS	BIOCIDE	QUATERNARY AMMONIUM	QUATERNARY AMMONIUM	ALLELEX	115	115	100.0	100.0	115	WP_000679427.1	quaternary ammonium compound efflux SMR transporter QacE delta 1			470.7411
	accn|470.7411.con.0040	10907	11695	-	aadA1	ANT(3'')-Ia family aminoglycoside nucleotidyltransferase AadA1	core	AMR	AMR	AMINOGLYCOSIDE	STREPTOMYCIN	EXACTX	263	263	100.0	100.0	263	WP_001206316.1	ANT(3'')-Ia family aminoglycoside nucleotidyltransferase AadA1			470.7411
	accn|470.7411.con.0040	11756	12385	-	catB8	type B-3 chloramphenicol O-acetyltransferase CatB8	core	AMR	AMR	PHENICOL	CHLORAMPHENICOL	EXACTX	210	210	100.0	100.0	210	WP_002075262.1	type B-3 chloramphenicol O-acetyltransferase CatB8			470.7411
	accn|470.7411.con.0040	12481	13032	-	aac(6')-Ib'	aminoglycoside N-acetyltransferase AAC(6')-Ib'	core	AMR	AMR	AMINOGLYCOSIDE	GENTAMICIN	EXACTX	184	184	100.0	100.0	184	WP_014454105.1	aminoglycoside N-acetyltransferase AAC(6')-Ib'			470.7411
	accn|470.7411.con.0062	180	992	-	aph(3')-Ia	aminoglycoside O-phosphotransferase APH(3')-Ia	core	AMR	AMR	AMINOGLYCOSIDE	KANAMYCIN	EXACTX	271	271	100.0	100.0	271	WP_000018326.1	aminoglycoside O-phosphotransferase APH(3')-Ia			470.7411
	accn|470.7412.con.0035	10322	11143	-	blaOXA-69	OXA-51 family carbapenem-hydrolyzing class D beta-lactamase OXA-69	core	AMR	AMR	BETA-LACTAM	CARBAPENEM	ALLELEX	274	274	100.0	100.0	274	WP_001021779.1	OXA-51 family carbapenem-hydrolyzing class D beta-lactamase OXA-69			470.7412
	accn|470.7412.con.0041	361	1509	+	blaADC-79	extended-spectrum class C beta-lactamase ADC-79	core	AMR	AMR	BETA-LACTAM	CEPHALOSPORIN	ALLELEX	383	383	100.0	100.0	383	WP_001159760.1	extended-spectrum class C beta-lactamase ADC-79			470.7412
	accn|470.7412.con.0055	3009	4211	+	tet(B)	tetracycline efflux MFS transporter Tet(B)	core	AMR	AMR	TETRACYCLINE	TETRACYCLINE	EXACTX	401	401	100.0	100.0	401	WP_001089068.1	tetracycline efflux MFS transporter Tet(B)			470.7412
	accn|470.7413.con.0043	35	853	+	blaOXA-23	OXA-23 family carbapenem-hydrolyzing class D beta-lactamase OXA-23	core	AMR	AMR	BETA-LACTAM	CARBAPENEM	ALLELEX	273	273	100.0	100.0	273	WP_001046004.1	OXA-23 family carbapenem-hydrolyzing class D beta-lactamase OXA-23			470.7413
	accn|470.7418.con.0003	258290	259111	+	blaOXA-69	OXA-51 family carbapenem-hydrolyzing class D beta-lactamase OXA-69	core	AMR	AMR	BETA-LACTAM	CARBAPENEM	ALLELEX	274	274	100.0	100.0	274	WP_001021779.1	OXA-51 family carbapenem-hydrolyzing class D beta-lactamase OXA-69			470.7418
	accn|470.7418.con.0015	78698	79846	-	blaADC-240	extended-spectrum class C beta-lactamase ADC-240	core	AMR	AMR	BETA-LACTAM	CEPHALOSPORIN	ALLELEX	383	383	100.0	100.0	383	WP_001211207.1	extended-spectrum class C beta-lactamase ADC-240			470.7418
	accn|470.7418.con.0049	177	989	+	aph(3')-Ia	aminoglycoside O-phosphotransferase APH(3')-Ia	core	AMR	AMR	AMINOGLYCOSIDE	KANAMYCIN	EXACTX	271	271	100.0	100.0	271	WP_000018329.1	aminoglycoside O-phosphotransferase APH(3')-Ia			470.7418
	accn|470.7419.con.0009	34694	35479	-	ant(3'')-IIa	aminoglycoside nucleotidyltransferase ANT(3'')-IIa	core	AMR	AMR	AMINOGLYCOSIDE	SPECTINOMYCIN/STREPTOMYCIN	BLASTX	262	262	100.0	99.24	262	WP_001112624.1	aminoglycoside nucleotidyltransferase ANT(3'')-IIa			470.7419
	accn|JWXT01000013	35634	36419	-	ant(3'')-IIa	aminoglycoside nucleotidyltransferase ANT(3'')-IIa	core	AMR	AMR	AMINOGLYCOSIDE	SPECTINOMYCIN/STREPTOMYCIN	BLASTX	262	262	100.0	98.85	262	WP_001279062.1	aminoglycoside nucleotidyltransferase ANT(3'')-IIa			470.741
	accn|JWXT01000021	109	1257	+	blaADC-30	extended-spectrum class C beta-lactamase ADC-30	core	AMR	AMR	BETA-LACTAM	CEPHALOSPORIN	ALLELEX	383	383	100.0	100.0	383	WP_001211218.1	extended-spectrum class C beta-lactamase ADC-30			470.741
	accn|470.7421.con.0007	36955	38103	-	blaADC-169	extended-spectrum class C beta-lactamase ADC-169	core	AMR	AMR	BETA-LACTAM	CEPHALOSPORIN	ALLELEX	383	383	100.0	100.0	383	WP_001211212.1	extended-spectrum class C beta-lactamase ADC-169			470.7421
	accn|470.7423.con.0011	30245	31057	-	aph(3')-Ia	aminoglycoside O-phosphotransferase APH(3')-Ia	core	AMR	AMR	AMINOGLYCOSIDE	KANAMYCIN	EXACTX	271	271	100.0	100.0	271	WP_000018326.1	aminoglycoside O-phosphotransferase APH(3')-Ia			470.7423
	accn|470.7423.con.0011	33668	34129	+	aac(3)-Ia	aminoglycoside N-acetyltransferase AAC(3)-Ia	core	AMR	AMR	AMINOGLYCOSIDE	GENTAMICIN	EXACTX	154	154	100.0	100.0	154	WP_002089484.1	aminoglycoside N-acetyltransferase AAC(3)-Ia			470.7423
	accn|470.7423.con.0011	35176	35964	+	aadA1	ANT(3'')-Ia family aminoglycoside nucleotidyltransferase AadA1	core	AMR	AMR	AMINOGLYCOSIDE	STREPTOMYCIN	EXACTX	263	263	100.0	100.0	263	WP_001206316.1	ANT(3'')-Ia family aminoglycoside nucleotidyltransferase AadA1			470.7423
	accn|470.7423.con.0011	36131	36475	+	qacEdelta1	quaternary ammonium compound efflux SMR transporter QacE delta 1	core	STRESS	BIOCIDE	QUATERNARY AMMONIUM	QUATERNARY AMMONIUM	ALLELEX	115	115	100.0	100.0	115	WP_000679427.1	quaternary ammonium compound efflux SMR transporter QacE delta 1			470.7423
	accn|470.7423.con.0011	36472	37308	+	sul1	sulfonamide-resistant dihydropteroate synthase Sul1	core	AMR	AMR	SULFONAMIDE	SULFONAMIDE	EXACTX	279	279	100.0	100.0	279	WP_000259031.1	sulfonamide-resistant dihydropteroate synthase Sul1			470.7423
	accn|470.7423.con.0029	2246	2716	+	dfrA1	trimethoprim-resistant dihydrofolate reductase DfrA1	core	AMR	AMR	TRIMETHOPRIM	TRIMETHOPRIM	EXACTX	157	157	100.0	100.0	157	WP_000777554.1	trimethoprim-resistant dihydrofolate reductase DfrA1			470.7423
	accn|470.7423.con.0029	2814	3335	+	sat2	streptothricin N-acetyltransferase Sat2	core	AMR	AMR	STREPTOTHRICIN	STREPTOTHRICIN	EXACTX	174	174	100.0	100.0	174	WP_000704156.1	streptothricin N-acetyltransferase Sat2			470.7423
	accn|470.7423.con.0029	3396	4181	+	aadA1	ANT(3'')-Ia family aminoglycoside nucleotidyltransferase AadA1	core	AMR	AMR	AMINOGLYCOSIDE	STREPTOMYCIN	EXACTX	262	262	100.0	100.0	262	WP_001206315.1	ANT(3'')-Ia family aminoglycoside nucleotidyltransferase AadA1			470.7423
	accn|470.7423.con.0033	122	847	+	aph(6)-Id	aminoglycoside O-phosphotransferase APH(6)-Id	core	AMR	AMR	AMINOGLYCOSIDE	STREPTOMYCIN	PARTIALX	242	278	87.05	99.59	242	WP_000480968.1	aminoglycoside O-phosphotransferase APH(6)-Id			470.7423
	accn|470.7423.con.0033	4223	5425	+	tet(B)	tetracycline efflux MFS transporter Tet(B)	core	AMR	AMR	TETRACYCLINE	TETRACYCLINE	EXACTX	401	401	100.0	100.0	401	WP_001089072.1	tetracycline efflux MFS transporter Tet(B)			470.7423
	accn|470.7423.con.0033	6046	6858	-	sul2	sulfonamide-resistant dihydropteroate synthase Sul2	core	AMR	AMR	SULFONAMIDE	SULFONAMIDE	EXACTX	271	271	100.0	100.0	271	WP_001043260.1	sulfonamide-resistant dihydropteroate synthase Sul2			470.7423
	accn|470.7424.con.0001	359679	360500	-	blaOXA-64	OXA-51 family carbapenem-hydrolyzing class D beta-lactamase OXA-64	core	AMR	AMR	BETA-LACTAM	CARBAPENEM	ALLELEX	274	274	100.0	100.0	274	WP_001021788.1	OXA-51 family carbapenem-hydrolyzing class D beta-lactamase OXA-64			470.7424
	accn|470.7424.con.0059	4922	5452	+	ant(2'')-Ia	aminoglycoside nucleotidyltransferase ANT(2'')-Ia	core	AMR	AMR	AMINOGLYCOSIDE	GENTAMICIN/KANAMYCIN/TOBRAMYCIN	BLASTX	177	177	100.0	98.31	177	WP_000381803.1	aminoglycoside nucleotidyltransferase ANT(2'')-Ia			470.7424
	accn|470.7424.con.0068	148	960	+	sul2	sulfonamide-resistant dihydropteroate synthase Sul2	core	AMR	AMR	SULFONAMIDE	SULFONAMIDE	EXACTX	271	271	100.0	100.0	271	WP_001043260.1	sulfonamide-resistant dihydropteroate synthase Sul2			470.7424
	accn|470.7425.con.0012	34713	35498	-	ant(3'')-IIa	aminoglycoside nucleotidyltransferase ANT(3'')-IIa	core	AMR	AMR	AMINOGLYCOSIDE	SPECTINOMYCIN/STREPTOMYCIN	EXACTX	262	262	100.0	100.0	262	WP_001279062.1	aminoglycoside nucleotidyltransferase ANT(3'')-IIa			470.7425
	accn|470.7427.con.0010	125465	126250	+	ant(3'')-IIa	aminoglycoside nucleotidyltransferase ANT(3'')-IIa	core	AMR	AMR	AMINOGLYCOSIDE	SPECTINOMYCIN/STREPTOMYCIN	BLASTX	262	262	100.0	99.24	262	WP_001279062.1	aminoglycoside nucleotidyltransferase ANT(3'')-IIa			470.7427
	accn|470.7427.con.0022	6264	7412	-	blaADC-79	extended-spectrum class C beta-lactamase ADC-79	core	AMR	AMR	BETA-LACTAM	CEPHALOSPORIN	ALLELEX	383	383	100.0	100.0	383	WP_001159760.1	extended-spectrum class C beta-lactamase ADC-79			470.7427
	accn|470.7427.con.0032	122	466	+	qacEdelta1	quaternary ammonium compound efflux SMR transporter QacE delta 1	core	STRESS	BIOCIDE	QUATERNARY AMMONIUM	QUATERNARY AMMONIUM	ALLELEX	115	115	100.0	100.0	115	WP_000679427.1	quaternary ammonium compound efflux SMR transporter QacE delta 1			470.7427
	accn|470.7427.con.0032	463	1299	+	sul1	sulfonamide-resistant dihydropteroate synthase Sul1	core	AMR	AMR	SULFONAMIDE	SULFONAMIDE	EXACTX	279	279	100.0	100.0	279	WP_000259031.1	sulfonamide-resistant dihydropteroate synthase Sul1			470.7427
	accn|470.7427.con.0037	1000	1857	+	blaTEM-1	broad-spectrum class A beta-lactamase TEM-1	core	AMR	AMR	BETA-LACTAM	BETA-LACTAM	ALLELEX	286	286	100.0	100.0	286	WP_000027057.1	broad-spectrum class A beta-lactamase TEM-1			470.7427
	accn|470.7427.con.0039	452	1264	-	aph(3')-Ia	aminoglycoside O-phosphotransferase APH(3')-Ia	core	AMR	AMR	AMINOGLYCOSIDE	KANAMYCIN	EXACTX	271	271	100.0	100.0	271	WP_000018326.1	aminoglycoside O-phosphotransferase APH(3')-Ia			470.7427
	accn|470.7428.con.0001	58096	58917	+	blaOXA-66	OXA-51 family carbapenem-hydrolyzing class D beta-lactamase OXA-66	core	AMR	AMR	BETA-LACTAM	CARBAPENEM	ALLELEX	274	274	100.0	100.0	274	WP_001021792.1	OXA-51 family carbapenem-hydrolyzing class D beta-lactamase OXA-66			470.7428
	accn|470.7428.con.0004	199584	200732	-	blaADC-30	extended-spectrum class C beta-lactamase ADC-30	core	AMR	AMR	BETA-LACTAM	CEPHALOSPORIN	ALLELEX	383	383	100.0	100.0	383	WP_001211218.1	extended-spectrum class C beta-lactamase ADC-30			470.7428
	accn|470.7429.con.0078	6562	7746	+	tet(39)	tetracycline efflux MFS transporter Tet(39)	core	AMR	AMR	TETRACYCLINE	TETRACYCLINE	EXACTX	395	395	100.0	100.0	395	WP_004856455.1	tetracycline efflux MFS transporter Tet(39)			470.7429
	accn|JWXU01000011	153611	154432	+	blaOXA-66	OXA-51 family carbapenem-hydrolyzing class D beta-lactamase OXA-66	core	AMR	AMR	BETA-LACTAM	CARBAPENEM	ALLELEX	274	274	100.0	100.0	274	WP_001021792.1	OXA-51 family carbapenem-hydrolyzing class D beta-lactamase OXA-66			470.742
	accn|JWXU01000037	1984	2784	+	aph(3'')-Ib	aminoglycoside O-phosphotransferase APH(3'')-Ib	core	AMR	AMR	AMINOGLYCOSIDE	STREPTOMYCIN	EXACTX	267	267	100.0	100.0	267	WP_001082319.1	aminoglycoside O-phosphotransferase APH(3'')-Ib			470.742
	accn|JWXU01000037	2787	3620	+	aph(6)-Id	aminoglycoside O-phosphotransferase APH(6)-Id	core	AMR	AMR	AMINOGLYCOSIDE	STREPTOMYCIN	EXACTX	278	278	100.0	100.0	278	WP_000480968.1	aminoglycoside O-phosphotransferase APH(6)-Id			470.742
	accn|JWXU01000037	6996	8195	+	tet(B)	tetracycline efflux MFS transporter Tet(B)	core	AMR	AMR	TETRACYCLINE	TETRACYCLINE	BLASTX	400	401	99.75	100.0	400	WP_001089072.1	tetracycline efflux MFS transporter Tet(B)			470.742
	accn|JWXU01000051	1033	1584	+	aac(6')-Ib'	aminoglycoside N-acetyltransferase AAC(6')-Ib'	core	AMR	AMR	AMINOGLYCOSIDE	GENTAMICIN	EXACTX	184	184	100.0	100.0	184	WP_014454105.1	aminoglycoside N-acetyltransferase AAC(6')-Ib'			470.742
	accn|JWXU01000051	1680	2309	+	catB8	type B-3 chloramphenicol O-acetyltransferase CatB8	core	AMR	AMR	PHENICOL	CHLORAMPHENICOL	EXACTX	210	210	100.0	100.0	210	WP_002075262.1	type B-3 chloramphenicol O-acetyltransferase CatB8			470.742
	accn|JWXU01000051	2370	3158	+	aadA1	ANT(3'')-Ia family aminoglycoside nucleotidyltransferase AadA1	core	AMR	AMR	AMINOGLYCOSIDE	STREPTOMYCIN	EXACTX	263	263	100.0	100.0	263	WP_001206316.1	ANT(3'')-Ia family aminoglycoside nucleotidyltransferase AadA1			470.742
	accn|JWXU01000051	3325	3669	+	qacEdelta1	quaternary ammonium compound efflux SMR transporter QacE delta 1	core	STRESS	BIOCIDE	QUATERNARY AMMONIUM	QUATERNARY AMMONIUM	ALLELEX	115	115	100.0	100.0	115	WP_000679427.1	quaternary ammonium compound efflux SMR transporter QacE delta 1			470.742
	accn|470.7431.con.0013	43772	44971	-	tet(B)	tetracycline efflux MFS transporter Tet(B)	core	AMR	AMR	TETRACYCLINE	TETRACYCLINE	BLASTX	400	401	99.75	100.0	400	WP_001089072.1	tetracycline efflux MFS transporter Tet(B)			470.7431
	accn|470.7431.con.0013	48347	49180	-	aph(6)-Id	aminoglycoside O-phosphotransferase APH(6)-Id	core	AMR	AMR	AMINOGLYCOSIDE	STREPTOMYCIN	EXACTX	278	278	100.0	100.0	278	WP_000480968.1	aminoglycoside O-phosphotransferase APH(6)-Id			470.7431
	accn|470.7431.con.0013	49183	49983	-	aph(3'')-Ib	aminoglycoside O-phosphotransferase APH(3'')-Ib	core	AMR	AMR	AMINOGLYCOSIDE	STREPTOMYCIN	EXACTX	267	267	100.0	100.0	267	WP_001082319.1	aminoglycoside O-phosphotransferase APH(3'')-Ib			470.7431
	accn|470.7431.con.0055	144	956	+	aph(3')-Ia	aminoglycoside O-phosphotransferase APH(3')-Ia	core	AMR	AMR	AMINOGLYCOSIDE	KANAMYCIN	EXACTX	271	271	100.0	100.0	271	WP_000018326.1	aminoglycoside O-phosphotransferase APH(3')-Ia			470.7431
	accn|470.7432.con.0010	135658	136479	-	blaOXA-113	OXA-51 family carbapenem-hydrolyzing class D beta-lactamase OXA-113	core	AMR	AMR	BETA-LACTAM	CARBAPENEM	ALLELEX	274	274	100.0	100.0	274	WP_001021786.1	OXA-51 family carbapenem-hydrolyzing class D beta-lactamase OXA-113			470.7432
	accn|470.7432.con.0047	1195	2052	+	blaSHV-5	extended-spectrum class A beta-lactamase SHV-5	core	AMR	AMR	BETA-LACTAM	CEPHALOSPORIN	ALLELEX	286	286	100.0	100.0	286	WP_011117369.1	extended-spectrum class A beta-lactamase SHV-5			470.7432
	accn|470.7432.con.0053	313	1170	+	aac(3)-IIe	aminoglycoside N-acetyltransferase AAC(3)-IIe	core	AMR	AMR	AMINOGLYCOSIDE	GENTAMICIN	EXACTX	286	286	100.0	100.0	286	WP_002063884.1	aminoglycoside N-acetyltransferase AAC(3)-IIe			470.7432
	accn|470.7433.con.0001	65090	65911	-	blaOXA-65	OXA-51 family carbapenem-hydrolyzing class D beta-lactamase OXA-65	core	AMR	AMR	BETA-LACTAM	CARBAPENEM	ALLELEX	274	274	100.0	100.0	274	WP_001021782.1	OXA-51 family carbapenem-hydrolyzing class D beta-lactamase OXA-65			470.7433
	accn|470.7433.con.0004	24735	25883	+	blaADC-303	extended-spectrum class C beta-lactamase ADC-303	core	AMR	AMR	BETA-LACTAM	CEPHALOSPORIN	ALLELEX	383	383	100.0	100.0	383	WP_001211225.1	extended-spectrum class C beta-lactamase ADC-303			470.7433
	accn|470.7433.con.0005	21268	21672	-	fos	fosfomycin resistance glutathione transferase FosLL	core	AMR	AMR	FOSFOMYCIN	FOSFOMYCIN	BLASTX	135	135	100.0	97.04	135	WP_000777201.1	fosfomycin resistance glutathione transferase FosLL			470.7433
	accn|470.7433.con.0007	129617	130402	+	ant(3'')-IIa	aminoglycoside nucleotidyltransferase ANT(3'')-IIa	core	AMR	AMR	AMINOGLYCOSIDE	SPECTINOMYCIN/STREPTOMYCIN	BLASTX	262	262	100.0	99.62	262	WP_001112624.1	aminoglycoside nucleotidyltransferase ANT(3'')-IIa			470.7433
	accn|470.7434.con.0057	698	1555	+	blaTEM-1	broad-spectrum class A beta-lactamase TEM-1	core	AMR	AMR	BETA-LACTAM	BETA-LACTAM	ALLELEX	286	286	100.0	100.0	286	WP_000027057.1	broad-spectrum class A beta-lactamase TEM-1			470.7434
	accn|470.7435.con.0012	34722	35507	-	ant(3'')-IIa	aminoglycoside nucleotidyltransferase ANT(3'')-IIa	core	AMR	AMR	AMINOGLYCOSIDE	SPECTINOMYCIN/STREPTOMYCIN	BLASTX	262	262	100.0	98.47	262	WP_001112624.1	aminoglycoside nucleotidyltransferase ANT(3'')-IIa			470.7435
	accn|470.7435.con.0012	56440	57636	-	tet(A)	tetracycline efflux MFS transporter Tet(A)	core	AMR	AMR	TETRACYCLINE	TETRACYCLINE	BLASTX	399	399	100.0	99.75	399	WP_063855982.1	tetracycline efflux MFS transporter Tet(A)			470.7435
	accn|470.7435.con.0012	65067	65597	+	ant(2'')-Ia	aminoglycoside nucleotidyltransferase ANT(2'')-Ia	core	AMR	AMR	AMINOGLYCOSIDE	GENTAMICIN/KANAMYCIN/TOBRAMYCIN	EXACTX	177	177	100.0	100.0	177	WP_000381803.1	aminoglycoside nucleotidyltransferase ANT(2'')-Ia			470.7435
	accn|470.7435.con.0012	65757	66101	+	qacEdelta1	quaternary ammonium compound efflux SMR transporter QacE delta 1	core	STRESS	BIOCIDE	QUATERNARY AMMONIUM	QUATERNARY AMMONIUM	ALLELEX	115	115	100.0	100.0	115	WP_000679427.1	quaternary ammonium compound efflux SMR transporter QacE delta 1			470.7435
	accn|470.7435.con.0012	66098	66934	+	sul1	sulfonamide-resistant dihydropteroate synthase Sul1	core	AMR	AMR	SULFONAMIDE	SULFONAMIDE	EXACTX	279	279	100.0	100.0	279	WP_000259031.1	sulfonamide-resistant dihydropteroate synthase Sul1			470.7435
	accn|470.7435.con.0046	220	996	+	aph(3')-VIa	aminoglycoside O-phosphotransferase APH(3')-VIa	core	AMR	AMR	AMINOGLYCOSIDE	AMIKACIN/KANAMYCIN	EXACTX	259	259	100.0	100.0	259	WP_000422636.1	aminoglycoside O-phosphotransferase APH(3')-VIa			470.7435
	accn|470.7436.con.0060	4483	5259	+	aph(3')-VIa	aminoglycoside O-phosphotransferase APH(3')-VIa	core	AMR	AMR	AMINOGLYCOSIDE	AMIKACIN/KANAMYCIN	BLASTX	259	259	100.0	99.23	259	WP_000422636.1	aminoglycoside O-phosphotransferase APH(3')-VIa			470.7436
	accn|470.7437.con.0060	67	879	+	aph(3')-Ia	aminoglycoside O-phosphotransferase APH(3')-Ia	core	AMR	AMR	AMINOGLYCOSIDE	KANAMYCIN	EXACTX	271	271	100.0	100.0	271	WP_000018326.1	aminoglycoside O-phosphotransferase APH(3')-Ia			470.7437
	accn|470.7438.con.0003	221626	222447	+	blaOXA-208	OXA-51 family carbapenem-hydrolyzing class D beta-lactamase OXA-208	core	AMR	AMR	BETA-LACTAM	CARBAPENEM	ALLELEX	274	274	100.0	100.0	274	WP_001021780.1	OXA-51 family carbapenem-hydrolyzing class D beta-lactamase OXA-208			470.7438
	accn|470.7439.con.0061	675	1487	-	aph(3')-Ia	aminoglycoside O-phosphotransferase APH(3')-Ia	core	AMR	AMR	AMINOGLYCOSIDE	KANAMYCIN	EXACTX	271	271	100.0	100.0	271	WP_000018326.1	aminoglycoside O-phosphotransferase APH(3')-Ia			470.7439
	accn|JWXV01000026	153611	154432	+	blaOXA-66	OXA-51 family carbapenem-hydrolyzing class D beta-lactamase OXA-66	core	AMR	AMR	BETA-LACTAM	CARBAPENEM	ALLELEX	274	274	100.0	100.0	274	WP_001021792.1	OXA-51 family carbapenem-hydrolyzing class D beta-lactamase OXA-66			470.743
	accn|JWXV01000069	108	920	-	aph(3')-Ia	aminoglycoside O-phosphotransferase APH(3')-Ia	core	AMR	AMR	AMINOGLYCOSIDE	KANAMYCIN	EXACTX	271	271	100.0	100.0	271	WP_000018326.1	aminoglycoside O-phosphotransferase APH(3')-Ia			470.743
	accn|JWXV01000082	109	1257	+	blaADC-30	extended-spectrum class C beta-lactamase ADC-30	core	AMR	AMR	BETA-LACTAM	CEPHALOSPORIN	ALLELEX	383	383	100.0	100.0	383	WP_001211218.1	extended-spectrum class C beta-lactamase ADC-30			470.743
	accn|470.7441.con.0060	2064	2876	-	aph(3')-Ia	aminoglycoside O-phosphotransferase APH(3')-Ia	core	AMR	AMR	AMINOGLYCOSIDE	KANAMYCIN	EXACTX	271	271	100.0	100.0	271	WP_000018326.1	aminoglycoside O-phosphotransferase APH(3')-Ia			470.7441
	accn|470.7442.con.0001	590055	590876	-	blaOXA-69	OXA-51 family carbapenem-hydrolyzing class D beta-lactamase OXA-69	core	AMR	AMR	BETA-LACTAM	CARBAPENEM	ALLELEX	274	274	100.0	100.0	274	WP_001021779.1	OXA-51 family carbapenem-hydrolyzing class D beta-lactamase OXA-69			470.7442
	accn|470.7442.con.0003	294614	295777	-	blaADC-96	extended-spectrum class C beta-lactamase ADC-96	core	AMR	AMR	BETA-LACTAM	CEPHALOSPORIN	ALLELEX	388	388	100.0	100.0	388	WP_068981627.1	extended-spectrum class C beta-lactamase ADC-96			470.7442
	accn|470.7443.con.0004	213867	215015	-	blaADC-26	extended-spectrum class C beta-lactamase ADC-26	core	AMR	AMR	BETA-LACTAM	CEPHALOSPORIN	ALLELEX	383	383	100.0	100.0	383	WP_001211238.1	extended-spectrum class C beta-lactamase ADC-26			470.7443
	accn|470.7444.con.0056	452	1264	-	aph(3')-Ia	aminoglycoside O-phosphotransferase APH(3')-Ia	core	AMR	AMR	AMINOGLYCOSIDE	KANAMYCIN	EXACTX	271	271	100.0	100.0	271	WP_000018326.1	aminoglycoside O-phosphotransferase APH(3')-Ia			470.7444
	accn|470.7445.con.0059	2992	3804	-	sul2	sulfonamide-resistant dihydropteroate synthase Sul2	core	AMR	AMR	SULFONAMIDE	SULFONAMIDE	EXACTX	271	271	100.0	100.0	271	WP_001043260.1	sulfonamide-resistant dihydropteroate synthase Sul2			470.7445
	accn|470.7446.con.0046	3482	3943	+	aac(3)-Ia	aminoglycoside N-acetyltransferase AAC(3)-Ia	core	AMR	AMR	AMINOGLYCOSIDE	GENTAMICIN	EXACTX	154	154	100.0	100.0	154	WP_002089484.1	aminoglycoside N-acetyltransferase AAC(3)-Ia			470.7446
	accn|470.7446.con.0046	4990	5778	+	aadA1	ANT(3'')-Ia family aminoglycoside nucleotidyltransferase AadA1	core	AMR	AMR	AMINOGLYCOSIDE	STREPTOMYCIN	EXACTX	263	263	100.0	100.0	263	WP_001206316.1	ANT(3'')-Ia family aminoglycoside nucleotidyltransferase AadA1			470.7446
	accn|470.7446.con.0046	5945	6289	+	qacEdelta1	quaternary ammonium compound efflux SMR transporter QacE delta 1	core	STRESS	BIOCIDE	QUATERNARY AMMONIUM	QUATERNARY AMMONIUM	ALLELEX	115	115	100.0	100.0	115	WP_000679427.1	quaternary ammonium compound efflux SMR transporter QacE delta 1			470.7446
	accn|470.7446.con.0046	6286	7122	+	sul1	sulfonamide-resistant dihydropteroate synthase Sul1	core	AMR	AMR	SULFONAMIDE	SULFONAMIDE	EXACTX	279	279	100.0	100.0	279	WP_000259031.1	sulfonamide-resistant dihydropteroate synthase Sul1			470.7446
	accn|470.7448.con.0001	367118	368266	-	blaADC-30	extended-spectrum class C beta-lactamase ADC-30	core	AMR	AMR	BETA-LACTAM	CEPHALOSPORIN	ALLELEX	383	383	100.0	100.0	383	WP_001211218.1	extended-spectrum class C beta-lactamase ADC-30			470.7448
	accn|470.7448.con.0057	698	1555	+	blaTEM-1	broad-spectrum class A beta-lactamase TEM-1	core	AMR	AMR	BETA-LACTAM	BETA-LACTAM	ALLELEX	286	286	100.0	100.0	286	WP_000027057.1	broad-spectrum class A beta-lactamase TEM-1			470.7448
	accn|470.7449.con.0049	5717	6205	-	ant(2'')-Ia	aminoglycoside nucleotidyltransferase ANT(2'')-Ia	core	AMR	AMR	AMINOGLYCOSIDE	GENTAMICIN/KANAMYCIN/TOBRAMYCIN	BLASTX	163	177	92.09	99.39	163	WP_032490446.1	aminoglycoside nucleotidyltransferase ANT(2'')-Ia			470.7449
	accn|JWXW01000010	65089	65910	-	blaOXA-66	OXA-51 family carbapenem-hydrolyzing class D beta-lactamase OXA-66	core	AMR	AMR	BETA-LACTAM	CARBAPENEM	ALLELEX	274	274	100.0	100.0	274	WP_001021792.1	OXA-51 family carbapenem-hydrolyzing class D beta-lactamase OXA-66			470.744
	accn|JWXW01000013	59254	60054	+	aph(3'')-Ib	aminoglycoside O-phosphotransferase APH(3'')-Ib	core	AMR	AMR	AMINOGLYCOSIDE	STREPTOMYCIN	EXACTX	267	267	100.0	100.0	267	WP_001082319.1	aminoglycoside O-phosphotransferase APH(3'')-Ib			470.744
	accn|JWXW01000013	60057	60890	+	aph(6)-Id	aminoglycoside O-phosphotransferase APH(6)-Id	core	AMR	AMR	AMINOGLYCOSIDE	STREPTOMYCIN	EXACTX	278	278	100.0	100.0	278	WP_000480968.1	aminoglycoside O-phosphotransferase APH(6)-Id			470.744
	accn|JWXW01000013	64266	65465	+	tet(B)	tetracycline efflux MFS transporter Tet(B)	core	AMR	AMR	TETRACYCLINE	TETRACYCLINE	BLASTX	400	401	99.75	100.0	400	WP_001089072.1	tetracycline efflux MFS transporter Tet(B)			470.744
	accn|470.7451.con.0001	87	1235	+	blaADC-30	extended-spectrum class C beta-lactamase ADC-30	core	AMR	AMR	BETA-LACTAM	CEPHALOSPORIN	ALLELEX	383	383	100.0	100.0	383	WP_001211218.1	extended-spectrum class C beta-lactamase ADC-30			470.7451
	accn|470.7452.con.0009	34672	35457	-	ant(3'')-IIa	aminoglycoside nucleotidyltransferase ANT(3'')-IIa	core	AMR	AMR	AMINOGLYCOSIDE	SPECTINOMYCIN/STREPTOMYCIN	BLASTX	262	262	100.0	98.47	262	WP_001112624.1	aminoglycoside nucleotidyltransferase ANT(3'')-IIa			470.7452
	accn|470.7452.con.0009	56390	57586	-	tet(A)	tetracycline efflux MFS transporter Tet(A)	core	AMR	AMR	TETRACYCLINE	TETRACYCLINE	BLASTX	399	399	100.0	99.75	399	WP_063855982.1	tetracycline efflux MFS transporter Tet(A)			470.7452
	accn|470.7452.con.0009	65017	65547	+	ant(2'')-Ia	aminoglycoside nucleotidyltransferase ANT(2'')-Ia	core	AMR	AMR	AMINOGLYCOSIDE	GENTAMICIN/KANAMYCIN/TOBRAMYCIN	EXACTX	177	177	100.0	100.0	177	WP_000381803.1	aminoglycoside nucleotidyltransferase ANT(2'')-Ia			470.7452
	accn|470.7452.con.0009	65707	66051	+	qacEdelta1	quaternary ammonium compound efflux SMR transporter QacE delta 1	core	STRESS	BIOCIDE	QUATERNARY AMMONIUM	QUATERNARY AMMONIUM	ALLELEX	115	115	100.0	100.0	115	WP_000679427.1	quaternary ammonium compound efflux SMR transporter QacE delta 1			470.7452
	accn|470.7452.con.0009	66048	66884	+	sul1	sulfonamide-resistant dihydropteroate synthase Sul1	core	AMR	AMR	SULFONAMIDE	SULFONAMIDE	EXACTX	279	279	100.0	100.0	279	WP_000259031.1	sulfonamide-resistant dihydropteroate synthase Sul1			470.7452
	accn|470.7452.con.0041	170	946	+	aph(3')-VIa	aminoglycoside O-phosphotransferase APH(3')-VIa	core	AMR	AMR	AMINOGLYCOSIDE	AMIKACIN/KANAMYCIN	EXACTX	259	259	100.0	100.0	259	WP_000422636.1	aminoglycoside O-phosphotransferase APH(3')-VIa			470.7452
	accn|470.7453.con.0019	6314	7462	-	blaADC-79	extended-spectrum class C beta-lactamase ADC-79	core	AMR	AMR	BETA-LACTAM	CEPHALOSPORIN	ALLELEX	383	383	100.0	100.0	383	WP_001159760.1	extended-spectrum class C beta-lactamase ADC-79			470.7453
	accn|470.7453.con.0029	3531	3992	+	aac(3)-Ia	aminoglycoside N-acetyltransferase AAC(3)-Ia	core	AMR	AMR	AMINOGLYCOSIDE	GENTAMICIN	EXACTX	154	154	100.0	100.0	154	WP_002089484.1	aminoglycoside N-acetyltransferase AAC(3)-Ia			470.7453
	accn|470.7453.con.0029	5577	6365	+	aadA1	ANT(3'')-Ia family aminoglycoside nucleotidyltransferase AadA1	core	AMR	AMR	AMINOGLYCOSIDE	STREPTOMYCIN	EXACTX	263	263	100.0	100.0	263	WP_001206316.1	ANT(3'')-Ia family aminoglycoside nucleotidyltransferase AadA1			470.7453
	accn|470.7454.con.0011	107401	108237	-	sul1	sulfonamide-resistant dihydropteroate synthase Sul1	core	AMR	AMR	SULFONAMIDE	SULFONAMIDE	EXACTX	279	279	100.0	100.0	279	WP_000259031.1	sulfonamide-resistant dihydropteroate synthase Sul1			470.7454
	accn|470.7454.con.0011	108234	108578	-	qacEdelta1	quaternary ammonium compound efflux SMR transporter QacE delta 1	core	STRESS	BIOCIDE	QUATERNARY AMMONIUM	QUATERNARY AMMONIUM	ALLELEX	115	115	100.0	100.0	115	WP_000679427.1	quaternary ammonium compound efflux SMR transporter QacE delta 1			470.7454
	accn|470.7454.con.0011	108738	109268	-	ant(2'')-Ia	aminoglycoside nucleotidyltransferase ANT(2'')-Ia	core	AMR	AMR	AMINOGLYCOSIDE	GENTAMICIN/KANAMYCIN/TOBRAMYCIN	EXACTX	177	177	100.0	100.0	177	WP_000381803.1	aminoglycoside nucleotidyltransferase ANT(2'')-Ia			470.7454
	accn|470.7454.con.0011	116699	117895	+	tet(A)	tetracycline efflux MFS transporter Tet(A)	core	AMR	AMR	TETRACYCLINE	TETRACYCLINE	BLASTX	399	399	100.0	99.75	399	WP_063855982.1	tetracycline efflux MFS transporter Tet(A)			470.7454
	accn|470.7454.con.0020	7052	7873	-	blaOXA-71	OXA-51 family carbapenem-hydrolyzing class D beta-lactamase OXA-71	core	AMR	AMR	BETA-LACTAM	CARBAPENEM	ALLELEX	274	274	100.0	100.0	274	WP_001021785.1	OXA-51 family carbapenem-hydrolyzing class D beta-lactamase OXA-71			470.7454
	accn|470.7454.con.0040	170	946	+	aph(3')-VIa	aminoglycoside O-phosphotransferase APH(3')-VIa	core	AMR	AMR	AMINOGLYCOSIDE	AMIKACIN/KANAMYCIN	EXACTX	259	259	100.0	100.0	259	WP_000422636.1	aminoglycoside O-phosphotransferase APH(3')-VIa			470.7454
	accn|470.7456.con.0003	65663	66484	-	blaOXA-314	OXA-51 family carbapenem-hydrolyzing class D beta-lactamase OXA-314	core	AMR	AMR	BETA-LACTAM	CARBAPENEM	ALLELEX	274	274	100.0	100.0	274	WP_031976872.1	OXA-51 family carbapenem-hydrolyzing class D beta-lactamase OXA-314			470.7456
	accn|470.7456.con.0006	24826	25974	+	blaADC-242	extended-spectrum class C beta-lactamase ADC-242	core	AMR	AMR	BETA-LACTAM	CEPHALOSPORIN	ALLELEX	383	383	100.0	100.0	383	WP_047481394.1	extended-spectrum class C beta-lactamase ADC-242			470.7456
	accn|470.7457.con.0001	330892	331713	+	blaOXA-121	OXA-51 family carbapenem-hydrolyzing class D beta-lactamase OXA-121	core	AMR	AMR	BETA-LACTAM	CARBAPENEM	ALLELEX	274	274	100.0	100.0	274	WP_057094079.1	OXA-51 family carbapenem-hydrolyzing class D beta-lactamase OXA-121			470.7457
	accn|470.7457.con.0006	325021	326169	-	blaADC-163	extended-spectrum class C beta-lactamase ADC-163	core	AMR	AMR	BETA-LACTAM	CEPHALOSPORIN	ALLELEX	383	383	100.0	100.0	383	WP_057093064.1	extended-spectrum class C beta-lactamase ADC-163			470.7457
	accn|470.7457.con.0009	135543	136328	+	ant(3'')-IIa	aminoglycoside nucleotidyltransferase ANT(3'')-IIa	core	AMR	AMR	AMINOGLYCOSIDE	SPECTINOMYCIN/STREPTOMYCIN	BLASTX	262	262	100.0	99.24	262	WP_001112624.1	aminoglycoside nucleotidyltransferase ANT(3'')-IIa			470.7457
	accn|470.7458.con.0053	4766	5578	+	sul2	sulfonamide-resistant dihydropteroate synthase Sul2	core	AMR	AMR	SULFONAMIDE	SULFONAMIDE	EXACTX	271	271	100.0	100.0	271	WP_001043260.1	sulfonamide-resistant dihydropteroate synthase Sul2			470.7458
	accn|470.7459.con.0010	137	1285	+	blaADC-30	extended-spectrum class C beta-lactamase ADC-30	core	AMR	AMR	BETA-LACTAM	CEPHALOSPORIN	ALLELEX	383	383	100.0	100.0	383	WP_001211218.1	extended-spectrum class C beta-lactamase ADC-30			470.7459
	accn|470.7459.con.0056	1	438	+	aadA1	ANT(3'')-Ia family aminoglycoside nucleotidyltransferase AadA1	core	AMR	AMR	AMINOGLYCOSIDE	STREPTOMYCIN	PARTIAL_CONTIG_ENDX	146	263	55.51	100.0	146	WP_001206316.1	ANT(3'')-Ia family aminoglycoside nucleotidyltransferase AadA1			470.7459
	accn|470.7459.con.0056	605	949	+	qacEdelta1	quaternary ammonium compound efflux SMR transporter QacE delta 1	core	STRESS	BIOCIDE	QUATERNARY AMMONIUM	QUATERNARY AMMONIUM	ALLELEX	115	115	100.0	100.0	115	WP_000679427.1	quaternary ammonium compound efflux SMR transporter QacE delta 1			470.7459
	accn|470.7459.con.0056	946	1782	+	sul1	sulfonamide-resistant dihydropteroate synthase Sul1	core	AMR	AMR	SULFONAMIDE	SULFONAMIDE	EXACTX	279	279	100.0	100.0	279	WP_000259031.1	sulfonamide-resistant dihydropteroate synthase Sul1			470.7459
	accn|JWXX01000019	65089	65910	-	blaOXA-66	OXA-51 family carbapenem-hydrolyzing class D beta-lactamase OXA-66	core	AMR	AMR	BETA-LACTAM	CARBAPENEM	ALLELEX	274	274	100.0	100.0	274	WP_001021792.1	OXA-51 family carbapenem-hydrolyzing class D beta-lactamase OXA-66			470.745
	accn|JWXX01000052	11764	12582	-	blaOXA-23	OXA-23 family carbapenem-hydrolyzing class D beta-lactamase OXA-23	core	AMR	AMR	BETA-LACTAM	CARBAPENEM	ALLELEX	273	273	100.0	100.0	273	WP_001046004.1	OXA-23 family carbapenem-hydrolyzing class D beta-lactamase OXA-23			470.745
	accn|JWXX01000077	108	920	-	aph(3')-Ia	aminoglycoside O-phosphotransferase APH(3')-Ia	core	AMR	AMR	AMINOGLYCOSIDE	KANAMYCIN	EXACTX	271	271	100.0	100.0	271	WP_000018326.1	aminoglycoside O-phosphotransferase APH(3')-Ia			470.745
	accn|JWXX01000090	109	1257	+	blaADC-162	extended-spectrum class C beta-lactamase ADC-162	core	AMR	AMR	BETA-LACTAM	CEPHALOSPORIN	ALLELEX	383	383	100.0	100.0	383	WP_031980335.1	extended-spectrum class C beta-lactamase ADC-162			470.745
	accn|470.7461.con.0001	385147	385968	-	blaOXA-91	OXA-51 family carbapenem-hydrolyzing class D beta-lactamase OXA-91	core	AMR	AMR	BETA-LACTAM	CARBAPENEM	ALLELEX	274	274	100.0	100.0	274	WP_001021776.1	OXA-51 family carbapenem-hydrolyzing class D beta-lactamase OXA-91			470.7461
	accn|470.7461.con.0007	130197	130982	+	ant(3'')-IIa	aminoglycoside nucleotidyltransferase ANT(3'')-IIa	core	AMR	AMR	AMINOGLYCOSIDE	SPECTINOMYCIN/STREPTOMYCIN	BLASTX	262	262	100.0	98.47	262	WP_001112624.1	aminoglycoside nucleotidyltransferase ANT(3'')-IIa			470.7461
	accn|470.7461.con.0013	4642	5172	+	ant(2'')-Ia	aminoglycoside nucleotidyltransferase ANT(2'')-Ia	core	AMR	AMR	AMINOGLYCOSIDE	GENTAMICIN/KANAMYCIN/TOBRAMYCIN	BLASTX	177	177	100.0	98.31	177	WP_000381803.1	aminoglycoside nucleotidyltransferase ANT(2'')-Ia			470.7461
	accn|470.7462.con.0006	244047	245195	-	blaADC-191	extended-spectrum class C beta-lactamase ADC-191	core	AMR	AMR	BETA-LACTAM	CEPHALOSPORIN	ALLELEX	383	383	100.0	100.0	383	WP_003112187.1	extended-spectrum class C beta-lactamase ADC-191			470.7462
	accn|470.7463.con.0006	244047	245195	-	blaADC-191	extended-spectrum class C beta-lactamase ADC-191	core	AMR	AMR	BETA-LACTAM	CEPHALOSPORIN	ALLELEX	383	383	100.0	100.0	383	WP_003112187.1	extended-spectrum class C beta-lactamase ADC-191			470.7463
	accn|470.7463.con.0049	221	997	+	aph(3')-VIa	aminoglycoside O-phosphotransferase APH(3')-VIa	core	AMR	AMR	AMINOGLYCOSIDE	AMIKACIN/KANAMYCIN	BLASTX	259	259	100.0	99.61	259	WP_000422636.1	aminoglycoside O-phosphotransferase APH(3')-VIa			470.7463
	accn|470.7464.con.0005	317615	318763	-	blaADC-79	extended-spectrum class C beta-lactamase ADC-79	core	AMR	AMR	BETA-LACTAM	CEPHALOSPORIN	ALLELEX	383	383	100.0	100.0	383	WP_001159760.1	extended-spectrum class C beta-lactamase ADC-79			470.7464
	accn|470.7464.con.0025	5355	6551	-	tet(A)	tetracycline efflux MFS transporter Tet(A)	core	AMR	AMR	TETRACYCLINE	TETRACYCLINE	BLASTX	399	399	100.0	99.75	399	WP_063855982.1	tetracycline efflux MFS transporter Tet(A)			470.7464
	accn|470.7464.con.0025	13934	14464	+	ant(2'')-Ia	aminoglycoside nucleotidyltransferase ANT(2'')-Ia	core	AMR	AMR	AMINOGLYCOSIDE	GENTAMICIN/KANAMYCIN/TOBRAMYCIN	EXACTX	177	177	100.0	100.0	177	WP_000381803.1	aminoglycoside nucleotidyltransferase ANT(2'')-Ia			470.7464
	accn|470.7464.con.0025	14624	14968	+	qacEdelta1	quaternary ammonium compound efflux SMR transporter QacE delta 1	core	STRESS	BIOCIDE	QUATERNARY AMMONIUM	QUATERNARY AMMONIUM	ALLELEX	115	115	100.0	100.0	115	WP_000679427.1	quaternary ammonium compound efflux SMR transporter QacE delta 1			470.7464
	accn|470.7464.con.0025	14965	15801	+	sul1	sulfonamide-resistant dihydropteroate synthase Sul1	core	AMR	AMR	SULFONAMIDE	SULFONAMIDE	EXACTX	279	279	100.0	100.0	279	WP_000259031.1	sulfonamide-resistant dihydropteroate synthase Sul1			470.7464
	accn|470.7465.con.0023	14842	15627	+	ant(3'')-IIa	aminoglycoside nucleotidyltransferase ANT(3'')-IIa	core	AMR	AMR	AMINOGLYCOSIDE	SPECTINOMYCIN/STREPTOMYCIN	BLASTX	262	262	100.0	98.47	262	WP_001112624.1	aminoglycoside nucleotidyltransferase ANT(3'')-IIa			470.7465
	accn|470.7465.con.0031	1341	2177	-	sul1	sulfonamide-resistant dihydropteroate synthase Sul1	core	AMR	AMR	SULFONAMIDE	SULFONAMIDE	EXACTX	279	279	100.0	100.0	279	WP_000259031.1	sulfonamide-resistant dihydropteroate synthase Sul1			470.7465
	accn|470.7465.con.0031	2174	2518	-	qacEdelta1	quaternary ammonium compound efflux SMR transporter QacE delta 1	core	STRESS	BIOCIDE	QUATERNARY AMMONIUM	QUATERNARY AMMONIUM	ALLELEX	115	115	100.0	100.0	115	WP_000679427.1	quaternary ammonium compound efflux SMR transporter QacE delta 1			470.7465
	accn|470.7465.con.0031	2678	3208	-	ant(2'')-Ia	aminoglycoside nucleotidyltransferase ANT(2'')-Ia	core	AMR	AMR	AMINOGLYCOSIDE	GENTAMICIN/KANAMYCIN/TOBRAMYCIN	EXACTX	177	177	100.0	100.0	177	WP_000381803.1	aminoglycoside nucleotidyltransferase ANT(2'')-Ia			470.7465
	accn|470.7465.con.0031	10591	11787	+	tet(A)	tetracycline efflux MFS transporter Tet(A)	core	AMR	AMR	TETRACYCLINE	TETRACYCLINE	BLASTX	399	399	100.0	99.75	399	WP_063855982.1	tetracycline efflux MFS transporter Tet(A)			470.7465
	accn|470.7465.con.0047	82	1266	-	tet(39)	tetracycline efflux MFS transporter Tet(39)	core	AMR	AMR	TETRACYCLINE	TETRACYCLINE	EXACTX	395	395	100.0	100.0	395	WP_004856455.1	tetracycline efflux MFS transporter Tet(39)			470.7465
	accn|470.7466.con.0073	2107	3255	-	blaADC-79	extended-spectrum class C beta-lactamase ADC-79	core	AMR	AMR	BETA-LACTAM	CEPHALOSPORIN	ALLELEX	383	383	100.0	100.0	383	WP_001159760.1	extended-spectrum class C beta-lactamase ADC-79			470.7466
	accn|470.7468.con.0007	25912	27060	+	blaADC-79	extended-spectrum class C beta-lactamase ADC-79	core	AMR	AMR	BETA-LACTAM	CEPHALOSPORIN	ALLELEX	383	383	100.0	100.0	383	WP_001159760.1	extended-spectrum class C beta-lactamase ADC-79			470.7468
	accn|470.7468.con.0043	104	880	-	aph(3')-VIa	aminoglycoside O-phosphotransferase APH(3')-VIa	core	AMR	AMR	AMINOGLYCOSIDE	AMIKACIN/KANAMYCIN	EXACTX	259	259	100.0	100.0	259	WP_000422636.1	aminoglycoside O-phosphotransferase APH(3')-VIa			470.7468
	accn|470.7469.con.0031	9461	10246	-	ant(3'')-IIa	aminoglycoside nucleotidyltransferase ANT(3'')-IIa	core	AMR	AMR	AMINOGLYCOSIDE	SPECTINOMYCIN/STREPTOMYCIN	BLASTX	262	262	100.0	99.24	262	WP_001279062.1	aminoglycoside nucleotidyltransferase ANT(3'')-IIa			470.7469
	accn|470.7469.con.0064	5058	5588	-	ant(2'')-Ia	aminoglycoside nucleotidyltransferase ANT(2'')-Ia	core	AMR	AMR	AMINOGLYCOSIDE	GENTAMICIN/KANAMYCIN/TOBRAMYCIN	BLASTX	177	177	100.0	98.31	177	WP_000381803.1	aminoglycoside nucleotidyltransferase ANT(2'')-Ia			470.7469
	accn|470.7469.con.0066	3041	3853	-	sul2	sulfonamide-resistant dihydropteroate synthase Sul2	core	AMR	AMR	SULFONAMIDE	SULFONAMIDE	EXACTX	271	271	100.0	100.0	271	WP_001043260.1	sulfonamide-resistant dihydropteroate synthase Sul2			470.7469
	accn|JWXY01000011	65482	66303	-	blaOXA-66	OXA-51 family carbapenem-hydrolyzing class D beta-lactamase OXA-66	core	AMR	AMR	BETA-LACTAM	CARBAPENEM	ALLELEX	274	274	100.0	100.0	274	WP_001021792.1	OXA-51 family carbapenem-hydrolyzing class D beta-lactamase OXA-66			470.746
	accn|JWXY01000012	35419	36204	-	ant(3'')-IIa	aminoglycoside nucleotidyltransferase ANT(3'')-IIa	core	AMR	AMR	AMINOGLYCOSIDE	SPECTINOMYCIN/STREPTOMYCIN	BLASTX	262	262	100.0	98.85	262	WP_001279062.1	aminoglycoside nucleotidyltransferase ANT(3'')-IIa			470.746
	accn|470.7471.con.0001	703875	704696	+	blaOXA-64	OXA-51 family carbapenem-hydrolyzing class D beta-lactamase OXA-64	core	AMR	AMR	BETA-LACTAM	CARBAPENEM	ALLELEX	274	274	100.0	100.0	274	WP_001021788.1	OXA-51 family carbapenem-hydrolyzing class D beta-lactamase OXA-64			470.7471
	accn|470.7471.con.0005	24982	26130	+	blaADC-26	extended-spectrum class C beta-lactamase ADC-26	core	AMR	AMR	BETA-LACTAM	CEPHALOSPORIN	ALLELEX	383	383	100.0	100.0	383	WP_001211238.1	extended-spectrum class C beta-lactamase ADC-26			470.7471
	accn|470.7471.con.0008	130950	131735	+	ant(3'')-IIa	aminoglycoside nucleotidyltransferase ANT(3'')-IIa	core	AMR	AMR	AMINOGLYCOSIDE	SPECTINOMYCIN/STREPTOMYCIN	EXACTX	262	262	100.0	100.0	262	WP_001279068.1	aminoglycoside nucleotidyltransferase ANT(3'')-IIa			470.7471
	accn|470.7472.con.0005	97267	98415	-	blaADC	ADC family extended-spectrum class C beta-lactamase	core	AMR	AMR	BETA-LACTAM	CEPHALOSPORIN	BLASTX	383	383	100.0	99.48	383	WP_002052571.1	extended-spectrum class C beta-lactamase ADC-334			470.7472
	accn|470.7473.con.0039	1346	2182	-	sul1	sulfonamide-resistant dihydropteroate synthase Sul1	core	AMR	AMR	SULFONAMIDE	SULFONAMIDE	EXACTX	279	279	100.0	100.0	279	WP_000259031.1	sulfonamide-resistant dihydropteroate synthase Sul1			470.7473
	accn|470.7473.con.0039	2179	2523	-	qacEdelta1	quaternary ammonium compound efflux SMR transporter QacE delta 1	core	STRESS	BIOCIDE	QUATERNARY AMMONIUM	QUATERNARY AMMONIUM	ALLELEX	115	115	100.0	100.0	115	WP_000679427.1	quaternary ammonium compound efflux SMR transporter QacE delta 1			470.7473
	accn|470.7473.con.0039	2690	3478	-	aadA1	ANT(3'')-Ia family aminoglycoside nucleotidyltransferase AadA1	core	AMR	AMR	AMINOGLYCOSIDE	STREPTOMYCIN	EXACTX	263	263	100.0	100.0	263	WP_001206316.1	ANT(3'')-Ia family aminoglycoside nucleotidyltransferase AadA1			470.7473
	accn|470.7473.con.0039	5063	5524	-	aac(3)-Ia	aminoglycoside N-acetyltransferase AAC(3)-Ia	core	AMR	AMR	AMINOGLYCOSIDE	GENTAMICIN	EXACTX	154	154	100.0	100.0	154	WP_002089484.1	aminoglycoside N-acetyltransferase AAC(3)-Ia			470.7473
	accn|470.7473.con.0054	194	1006	+	aph(3')-Ia	aminoglycoside O-phosphotransferase APH(3')-Ia	core	AMR	AMR	AMINOGLYCOSIDE	KANAMYCIN	EXACTX	271	271	100.0	100.0	271	WP_000018326.1	aminoglycoside O-phosphotransferase APH(3')-Ia			470.7473
	accn|470.7474.con.0005	58099	58920	+	blaOXA-66	OXA-51 family carbapenem-hydrolyzing class D beta-lactamase OXA-66	core	AMR	AMR	BETA-LACTAM	CARBAPENEM	ALLELEX	274	274	100.0	100.0	274	WP_001021792.1	OXA-51 family carbapenem-hydrolyzing class D beta-lactamase OXA-66			470.7474
	accn|470.7474.con.0053	1296	2132	-	sul1	sulfonamide-resistant dihydropteroate synthase Sul1	core	AMR	AMR	SULFONAMIDE	SULFONAMIDE	EXACTX	279	279	100.0	100.0	279	WP_000259031.1	sulfonamide-resistant dihydropteroate synthase Sul1			470.7474
	accn|470.7474.con.0053	2129	2473	-	qacEdelta1	quaternary ammonium compound efflux SMR transporter QacE delta 1	core	STRESS	BIOCIDE	QUATERNARY AMMONIUM	QUATERNARY AMMONIUM	ALLELEX	115	115	100.0	100.0	115	WP_000679427.1	quaternary ammonium compound efflux SMR transporter QacE delta 1			470.7474
	accn|470.7474.con.0053	2640	3428	-	aadA1	ANT(3'')-Ia family aminoglycoside nucleotidyltransferase AadA1	core	AMR	AMR	AMINOGLYCOSIDE	STREPTOMYCIN	EXACTX	263	263	100.0	100.0	263	WP_001206316.1	ANT(3'')-Ia family aminoglycoside nucleotidyltransferase AadA1			470.7474
	accn|470.7474.con.0053	4475	4936	-	aac(3)-Ia	aminoglycoside N-acetyltransferase AAC(3)-Ia	core	AMR	AMR	AMINOGLYCOSIDE	GENTAMICIN	EXACTX	154	154	100.0	100.0	154	WP_002089484.1	aminoglycoside N-acetyltransferase AAC(3)-Ia			470.7474
	accn|470.7475.con.0012	74201	75001	+	aph(3'')-Ib	aminoglycoside O-phosphotransferase APH(3'')-Ib	core	AMR	AMR	AMINOGLYCOSIDE	STREPTOMYCIN	EXACTX	267	267	100.0	100.0	267	WP_001082319.1	aminoglycoside O-phosphotransferase APH(3'')-Ib			470.7475
	accn|470.7475.con.0012	75004	75837	+	aph(6)-Id	aminoglycoside O-phosphotransferase APH(6)-Id	core	AMR	AMR	AMINOGLYCOSIDE	STREPTOMYCIN	EXACTX	278	278	100.0	100.0	278	WP_000480968.1	aminoglycoside O-phosphotransferase APH(6)-Id			470.7475
	accn|470.7475.con.0012	79213	80412	+	tet(B)	tetracycline efflux MFS transporter Tet(B)	core	AMR	AMR	TETRACYCLINE	TETRACYCLINE	BLASTX	400	401	99.75	100.0	400	WP_001089072.1	tetracycline efflux MFS transporter Tet(B)			470.7475
	accn|470.7475.con.0053	698	1555	+	blaTEM-1	broad-spectrum class A beta-lactamase TEM-1	core	AMR	AMR	BETA-LACTAM	BETA-LACTAM	ALLELEX	286	286	100.0	100.0	286	WP_000027057.1	broad-spectrum class A beta-lactamase TEM-1			470.7475
	accn|470.7476.con.0003	314024	315187	-	blaADC-96	extended-spectrum class C beta-lactamase ADC-96	core	AMR	AMR	BETA-LACTAM	CEPHALOSPORIN	ALLELEX	388	388	100.0	100.0	388	WP_068981627.1	extended-spectrum class C beta-lactamase ADC-96			470.7476
	accn|470.7476.con.0042	1240	1701	+	aac(3)-Ia	aminoglycoside N-acetyltransferase AAC(3)-Ia	core	AMR	AMR	AMINOGLYCOSIDE	GENTAMICIN	EXACTX	154	154	100.0	100.0	154	WP_002089484.1	aminoglycoside N-acetyltransferase AAC(3)-Ia			470.7476
	accn|470.7476.con.0042	2748	3536	+	aadA1	ANT(3'')-Ia family aminoglycoside nucleotidyltransferase AadA1	core	AMR	AMR	AMINOGLYCOSIDE	STREPTOMYCIN	EXACTX	263	263	100.0	100.0	263	WP_001206316.1	ANT(3'')-Ia family aminoglycoside nucleotidyltransferase AadA1			470.7476
	accn|470.7476.con.0042	3703	4047	+	qacEdelta1	quaternary ammonium compound efflux SMR transporter QacE delta 1	core	STRESS	BIOCIDE	QUATERNARY AMMONIUM	QUATERNARY AMMONIUM	ALLELEX	115	115	100.0	100.0	115	WP_000679427.1	quaternary ammonium compound efflux SMR transporter QacE delta 1			470.7476
	accn|470.7476.con.0042	4044	4880	+	sul1	sulfonamide-resistant dihydropteroate synthase Sul1	core	AMR	AMR	SULFONAMIDE	SULFONAMIDE	EXACTX	279	279	100.0	100.0	279	WP_000259031.1	sulfonamide-resistant dihydropteroate synthase Sul1			470.7476
	accn|470.7476.con.0044	2715	3371	-	catA1	type A-1 chloramphenicol O-acetyltransferase	core	AMR	AMR	PHENICOL	CHLORAMPHENICOL	EXACTX	219	219	100.0	100.0	219	WP_000412211.1	type A-1 chloramphenicol O-acetyltransferase			470.7476
	accn|470.7476.con.0059	171	947	+	aph(3')-VIa	aminoglycoside O-phosphotransferase APH(3')-VIa	core	AMR	AMR	AMINOGLYCOSIDE	AMIKACIN/KANAMYCIN	BLASTX	259	259	100.0	99.61	259	WP_000422636.1	aminoglycoside O-phosphotransferase APH(3')-VIa			470.7476
	accn|470.7477.con.0001	171026	171847	+	blaOXA-121	OXA-51 family carbapenem-hydrolyzing class D beta-lactamase OXA-121	core	AMR	AMR	BETA-LACTAM	CARBAPENEM	ALLELEX	274	274	100.0	100.0	274	WP_057094079.1	OXA-51 family carbapenem-hydrolyzing class D beta-lactamase OXA-121			470.7477
	accn|470.7477.con.0005	294638	295786	-	blaADC-163	extended-spectrum class C beta-lactamase ADC-163	core	AMR	AMR	BETA-LACTAM	CEPHALOSPORIN	ALLELEX	383	383	100.0	100.0	383	WP_057093064.1	extended-spectrum class C beta-lactamase ADC-163			470.7477
	accn|470.7478.con.0001	803030	803851	-	blaOXA-91	OXA-51 family carbapenem-hydrolyzing class D beta-lactamase OXA-91	core	AMR	AMR	BETA-LACTAM	CARBAPENEM	ALLELEX	274	274	100.0	100.0	274	WP_001021776.1	OXA-51 family carbapenem-hydrolyzing class D beta-lactamase OXA-91			470.7478
	accn|470.7478.con.0001	1751408	1752556	+	blaADC-107	extended-spectrum class C beta-lactamase ADC-107	core	AMR	AMR	BETA-LACTAM	CEPHALOSPORIN	ALLELEX	383	383	100.0	100.0	383	WP_068981614.1	extended-spectrum class C beta-lactamase ADC-107			470.7478
	accn|470.7478.con.0006	128283	129068	+	ant(3'')-IIa	aminoglycoside nucleotidyltransferase ANT(3'')-IIa	core	AMR	AMR	AMINOGLYCOSIDE	SPECTINOMYCIN/STREPTOMYCIN	BLASTX	262	262	100.0	98.85	262	WP_001279062.1	aminoglycoside nucleotidyltransferase ANT(3'')-IIa			470.7478
	accn|470.7479.con.0005	77	1276	-	tet(B)	tetracycline efflux MFS transporter Tet(B)	core	AMR	AMR	TETRACYCLINE	TETRACYCLINE	BLASTX	400	401	99.75	100.0	400	WP_001089072.1	tetracycline efflux MFS transporter Tet(B)			470.7479
	accn|470.7479.con.0005	4652	5485	-	aph(6)-Id	aminoglycoside O-phosphotransferase APH(6)-Id	core	AMR	AMR	AMINOGLYCOSIDE	STREPTOMYCIN	EXACTX	278	278	100.0	100.0	278	WP_000480968.1	aminoglycoside O-phosphotransferase APH(6)-Id			470.7479
	accn|470.7479.con.0005	5488	6288	-	aph(3'')-Ib	aminoglycoside O-phosphotransferase APH(3'')-Ib	core	AMR	AMR	AMINOGLYCOSIDE	STREPTOMYCIN	EXACTX	267	267	100.0	100.0	267	WP_001082319.1	aminoglycoside O-phosphotransferase APH(3'')-Ib			470.7479
	accn|JWXZ01000010	65089	65910	-	blaOXA-66	OXA-51 family carbapenem-hydrolyzing class D beta-lactamase OXA-66	core	AMR	AMR	BETA-LACTAM	CARBAPENEM	ALLELEX	274	274	100.0	100.0	274	WP_001021792.1	OXA-51 family carbapenem-hydrolyzing class D beta-lactamase OXA-66			470.747
	accn|JWXZ01000030	1033	1584	+	aac(6')-Ib'	aminoglycoside N-acetyltransferase AAC(6')-Ib'	core	AMR	AMR	AMINOGLYCOSIDE	GENTAMICIN	EXACTX	184	184	100.0	100.0	184	WP_014454105.1	aminoglycoside N-acetyltransferase AAC(6')-Ib'			470.747
	accn|JWXZ01000030	1680	2309	+	catB8	type B-3 chloramphenicol O-acetyltransferase CatB8	core	AMR	AMR	PHENICOL	CHLORAMPHENICOL	EXACTX	210	210	100.0	100.0	210	WP_002075262.1	type B-3 chloramphenicol O-acetyltransferase CatB8			470.747
	accn|JWXZ01000030	2370	3158	+	aadA1	ANT(3'')-Ia family aminoglycoside nucleotidyltransferase AadA1	core	AMR	AMR	AMINOGLYCOSIDE	STREPTOMYCIN	EXACTX	263	263	100.0	100.0	263	WP_001206316.1	ANT(3'')-Ia family aminoglycoside nucleotidyltransferase AadA1			470.747
	accn|JWXZ01000030	3325	3669	+	qacEdelta1	quaternary ammonium compound efflux SMR transporter QacE delta 1	core	STRESS	BIOCIDE	QUATERNARY AMMONIUM	QUATERNARY AMMONIUM	ALLELEX	115	115	100.0	100.0	115	WP_000679427.1	quaternary ammonium compound efflux SMR transporter QacE delta 1			470.747
	accn|JWXZ01000030	3666	4502	+	sul1	sulfonamide-resistant dihydropteroate synthase Sul1	core	AMR	AMR	SULFONAMIDE	SULFONAMIDE	EXACTX	279	279	100.0	100.0	279	WP_000259031.1	sulfonamide-resistant dihydropteroate synthase Sul1			470.747
	accn|JWXZ01000030	7851	8621	+	armA	16S rRNA (guanine(1405)-N(7))-methyltransferase ArmA	core	AMR	AMR	AMINOGLYCOSIDE	GENTAMICIN	EXACTX	257	257	100.0	100.0	257	WP_000359986.1	16S rRNA (guanine(1405)-N(7))-methyltransferase ArmA			470.747
	accn|JWXZ01000030	10923	12395	+	msr(E)	ABC-F type ribosomal protection protein Msr(E)	core	AMR	AMR	MACROLIDE/STREPTOGRAMIN	AZITHROMYCIN/ERYTHROMYCIN/STREPTOGRAMIN	EXACTX	491	491	100.0	100.0	491	WP_000052512.1	ABC-F type ribosomal protection protein Msr(E)			470.747
	accn|JWXZ01000030	12454	13335	+	mph(E)	Mph(E) family macrolide 2'-phosphotransferase	core	AMR	AMR	MACROLIDE	ERYTHROMYCIN	EXACTX	294	294	100.0	100.0	294	WP_000155092.1	Mph(E) family macrolide 2'-phosphotransferase			470.747
	accn|JWXZ01000066	11764	12582	-	blaOXA-23	OXA-23 family carbapenem-hydrolyzing class D beta-lactamase OXA-23	core	AMR	AMR	BETA-LACTAM	CARBAPENEM	ALLELEX	273	273	100.0	100.0	273	WP_001046004.1	OXA-23 family carbapenem-hydrolyzing class D beta-lactamase OXA-23			470.747
	accn|JWXZ01000085	109	1257	+	blaADC-162	extended-spectrum class C beta-lactamase ADC-162	core	AMR	AMR	BETA-LACTAM	CEPHALOSPORIN	ALLELEX	383	383	100.0	100.0	383	WP_031980335.1	extended-spectrum class C beta-lactamase ADC-162			470.747
	accn|470.7481.con.0002	18737	19885	+	blaADC-79	extended-spectrum class C beta-lactamase ADC-79	core	AMR	AMR	BETA-LACTAM	CEPHALOSPORIN	ALLELEX	383	383	100.0	100.0	383	WP_001159760.1	extended-spectrum class C beta-lactamase ADC-79			470.7481
	accn|470.7481.con.0023	23028	23849	+	blaOXA-71	OXA-51 family carbapenem-hydrolyzing class D beta-lactamase OXA-71	core	AMR	AMR	BETA-LACTAM	CARBAPENEM	ALLELEX	274	274	100.0	100.0	274	WP_001021785.1	OXA-51 family carbapenem-hydrolyzing class D beta-lactamase OXA-71			470.7481
	accn|470.7482.con.0042	1296	2132	-	sul1	sulfonamide-resistant dihydropteroate synthase Sul1	core	AMR	AMR	SULFONAMIDE	SULFONAMIDE	EXACTX	279	279	100.0	100.0	279	WP_000259031.1	sulfonamide-resistant dihydropteroate synthase Sul1			470.7482
	accn|470.7482.con.0042	2129	2473	-	qacEdelta1	quaternary ammonium compound efflux SMR transporter QacE delta 1	core	STRESS	BIOCIDE	QUATERNARY AMMONIUM	QUATERNARY AMMONIUM	ALLELEX	115	115	100.0	100.0	115	WP_000679427.1	quaternary ammonium compound efflux SMR transporter QacE delta 1			470.7482
	accn|470.7482.con.0042	2640	3428	-	aadA1	ANT(3'')-Ia family aminoglycoside nucleotidyltransferase AadA1	core	AMR	AMR	AMINOGLYCOSIDE	STREPTOMYCIN	EXACTX	263	263	100.0	100.0	263	WP_001206316.1	ANT(3'')-Ia family aminoglycoside nucleotidyltransferase AadA1			470.7482
	accn|470.7482.con.0042	4475	4936	-	aac(3)-Ia	aminoglycoside N-acetyltransferase AAC(3)-Ia	core	AMR	AMR	AMINOGLYCOSIDE	GENTAMICIN	EXACTX	154	154	100.0	100.0	154	WP_002089484.1	aminoglycoside N-acetyltransferase AAC(3)-Ia			470.7482
	accn|470.7482.con.0053	20	877	-	blaTEM-1	broad-spectrum class A beta-lactamase TEM-1	core	AMR	AMR	BETA-LACTAM	BETA-LACTAM	ALLELEX	286	286	100.0	100.0	286	WP_000027057.1	broad-spectrum class A beta-lactamase TEM-1			470.7482
	accn|470.7482.con.0055	452	1264	-	aph(3')-Ia	aminoglycoside O-phosphotransferase APH(3')-Ia	core	AMR	AMR	AMINOGLYCOSIDE	KANAMYCIN	EXACTX	271	271	100.0	100.0	271	WP_000018326.1	aminoglycoside O-phosphotransferase APH(3')-Ia			470.7482
	accn|470.7483.con.0020	23028	23849	+	blaOXA-71	OXA-51 family carbapenem-hydrolyzing class D beta-lactamase OXA-71	core	AMR	AMR	BETA-LACTAM	CARBAPENEM	ALLELEX	274	274	100.0	100.0	274	WP_001021785.1	OXA-51 family carbapenem-hydrolyzing class D beta-lactamase OXA-71			470.7483
	accn|470.7484.con.0003	18787	19935	+	blaADC-79	extended-spectrum class C beta-lactamase ADC-79	core	AMR	AMR	BETA-LACTAM	CEPHALOSPORIN	ALLELEX	383	383	100.0	100.0	383	WP_001159760.1	extended-spectrum class C beta-lactamase ADC-79			470.7484
	accn|470.7485.con.0001	633057	633878	+	blaOXA-66	OXA-51 family carbapenem-hydrolyzing class D beta-lactamase OXA-66	core	AMR	AMR	BETA-LACTAM	CARBAPENEM	ALLELEX	274	274	100.0	100.0	274	WP_001021792.1	OXA-51 family carbapenem-hydrolyzing class D beta-lactamase OXA-66			470.7485
	accn|470.7485.con.0007	114756	115217	+	aac(3)-Ia	aminoglycoside N-acetyltransferase AAC(3)-Ia	core	AMR	AMR	AMINOGLYCOSIDE	GENTAMICIN	EXACTX	154	154	100.0	100.0	154	WP_002089484.1	aminoglycoside N-acetyltransferase AAC(3)-Ia			470.7485
	accn|470.7485.con.0010	35616	36401	-	ant(3'')-IIa	aminoglycoside nucleotidyltransferase ANT(3'')-IIa	core	AMR	AMR	AMINOGLYCOSIDE	SPECTINOMYCIN/STREPTOMYCIN	BLASTX	262	262	100.0	98.85	262	WP_001279062.1	aminoglycoside nucleotidyltransferase ANT(3'')-IIa			470.7485
	accn|470.7485.con.0024	384	1160	+	aph(3')-VIb	aminoglycoside O-phosphotransferase APH(3')-VIb	core	AMR	AMR	AMINOGLYCOSIDE	AMIKACIN/KANAMYCIN	BLASTX	259	259	100.0	99.61	259	WP_000422633.1	aminoglycoside O-phosphotransferase APH(3')-VIb			470.7485
	accn|470.7485.con.0024	3556	4479	+	blaPER-1	inhibitor-resistant extended-spectrum class A beta-lactamase PER-1	core	AMR	AMR	BETA-LACTAM	CEPHALOSPORIN	ALLELEX	308	308	100.0	100.0	308	WP_001100753.1	inhibitor-resistant extended-spectrum class A beta-lactamase PER-1			470.7485
	accn|470.7485.con.0031	768	1580	-	blaOXA	OXA-23 family carbapenem-hydrolyzing class D beta-lactamase	core	AMR	AMR	BETA-LACTAM	CARBAPENEM	BLASTX	271	273	99.27	100.0	271	WP_001046004.1	OXA-23 family carbapenem-hydrolyzing class D beta-lactamase OXA-23			470.7485
	accn|470.7486.con.0003	87	1235	+	blaADC-79	extended-spectrum class C beta-lactamase ADC-79	core	AMR	AMR	BETA-LACTAM	CEPHALOSPORIN	ALLELEX	383	383	100.0	100.0	383	WP_001159760.1	extended-spectrum class C beta-lactamase ADC-79			470.7486
	accn|470.7486.con.0013	34672	35457	-	ant(3'')-IIa	aminoglycoside nucleotidyltransferase ANT(3'')-IIa	core	AMR	AMR	AMINOGLYCOSIDE	SPECTINOMYCIN/STREPTOMYCIN	BLASTX	262	262	100.0	98.47	262	WP_001112624.1	aminoglycoside nucleotidyltransferase ANT(3'')-IIa			470.7486
	accn|470.7486.con.0013	56390	57586	-	tet(A)	tetracycline efflux MFS transporter Tet(A)	core	AMR	AMR	TETRACYCLINE	TETRACYCLINE	BLASTX	399	399	100.0	99.75	399	WP_063855982.1	tetracycline efflux MFS transporter Tet(A)			470.7486
	accn|470.7486.con.0013	65017	65547	+	ant(2'')-Ia	aminoglycoside nucleotidyltransferase ANT(2'')-Ia	core	AMR	AMR	AMINOGLYCOSIDE	GENTAMICIN/KANAMYCIN/TOBRAMYCIN	EXACTX	177	177	100.0	100.0	177	WP_000381803.1	aminoglycoside nucleotidyltransferase ANT(2'')-Ia			470.7486
	accn|470.7486.con.0013	65707	66051	+	qacEdelta1	quaternary ammonium compound efflux SMR transporter QacE delta 1	core	STRESS	BIOCIDE	QUATERNARY AMMONIUM	QUATERNARY AMMONIUM	ALLELEX	115	115	100.0	100.0	115	WP_000679427.1	quaternary ammonium compound efflux SMR transporter QacE delta 1			470.7486
	accn|470.7486.con.0013	66048	66884	+	sul1	sulfonamide-resistant dihydropteroate synthase Sul1	core	AMR	AMR	SULFONAMIDE	SULFONAMIDE	EXACTX	279	279	100.0	100.0	279	WP_000259031.1	sulfonamide-resistant dihydropteroate synthase Sul1			470.7486
	accn|470.7487.con.0003	18315	19463	+	blaADC-79	extended-spectrum class C beta-lactamase ADC-79	core	AMR	AMR	BETA-LACTAM	CEPHALOSPORIN	ALLELEX	383	383	100.0	100.0	383	WP_001159760.1	extended-spectrum class C beta-lactamase ADC-79			470.7487
	accn|470.7488.con.0005	340735	341556	+	blaOXA-121	OXA-51 family carbapenem-hydrolyzing class D beta-lactamase OXA-121	core	AMR	AMR	BETA-LACTAM	CARBAPENEM	ALLELEX	274	274	100.0	100.0	274	WP_057094079.1	OXA-51 family carbapenem-hydrolyzing class D beta-lactamase OXA-121			470.7488
	accn|470.7488.con.0010	126793	127578	+	ant(3'')-IIa	aminoglycoside nucleotidyltransferase ANT(3'')-IIa	core	AMR	AMR	AMINOGLYCOSIDE	SPECTINOMYCIN/STREPTOMYCIN	BLASTX	262	262	100.0	99.24	262	WP_001112624.1	aminoglycoside nucleotidyltransferase ANT(3'')-IIa			470.7488
	accn|470.7489.con.0003	87	1235	+	blaADC-79	extended-spectrum class C beta-lactamase ADC-79	core	AMR	AMR	BETA-LACTAM	CEPHALOSPORIN	ALLELEX	383	383	100.0	100.0	383	WP_001159760.1	extended-spectrum class C beta-lactamase ADC-79			470.7489
	accn|470.7489.con.0029	85	906	+	blaOXA-71	OXA-51 family carbapenem-hydrolyzing class D beta-lactamase OXA-71	core	AMR	AMR	BETA-LACTAM	CARBAPENEM	ALLELEX	274	274	100.0	100.0	274	WP_001021785.1	OXA-51 family carbapenem-hydrolyzing class D beta-lactamase OXA-71			470.7489
	accn|470.7489.con.0048	170	946	+	aph(3')-VIa	aminoglycoside O-phosphotransferase APH(3')-VIa	core	AMR	AMR	AMINOGLYCOSIDE	AMIKACIN/KANAMYCIN	EXACTX	259	259	100.0	100.0	259	WP_000422636.1	aminoglycoside O-phosphotransferase APH(3')-VIa			470.7489
	accn|JWYA01000014	35419	36204	-	ant(3'')-IIa	aminoglycoside nucleotidyltransferase ANT(3'')-IIa	core	AMR	AMR	AMINOGLYCOSIDE	SPECTINOMYCIN/STREPTOMYCIN	BLASTX	262	262	100.0	98.85	262	WP_001279062.1	aminoglycoside nucleotidyltransferase ANT(3'')-IIa			470.748
	accn|JWYA01000042	1033	1584	+	aac(6')-Ib'	aminoglycoside N-acetyltransferase AAC(6')-Ib'	core	AMR	AMR	AMINOGLYCOSIDE	GENTAMICIN	EXACTX	184	184	100.0	100.0	184	WP_014454105.1	aminoglycoside N-acetyltransferase AAC(6')-Ib'			470.748
	accn|JWYA01000042	1680	2309	+	catB8	type B-3 chloramphenicol O-acetyltransferase CatB8	core	AMR	AMR	PHENICOL	CHLORAMPHENICOL	EXACTX	210	210	100.0	100.0	210	WP_002075262.1	type B-3 chloramphenicol O-acetyltransferase CatB8			470.748
	accn|JWYA01000042	2370	3158	+	aadA1	ANT(3'')-Ia family aminoglycoside nucleotidyltransferase AadA1	core	AMR	AMR	AMINOGLYCOSIDE	STREPTOMYCIN	EXACTX	263	263	100.0	100.0	263	WP_001206316.1	ANT(3'')-Ia family aminoglycoside nucleotidyltransferase AadA1			470.748
	accn|JWYA01000042	3325	3669	+	qacEdelta1	quaternary ammonium compound efflux SMR transporter QacE delta 1	core	STRESS	BIOCIDE	QUATERNARY AMMONIUM	QUATERNARY AMMONIUM	ALLELEX	115	115	100.0	100.0	115	WP_000679427.1	quaternary ammonium compound efflux SMR transporter QacE delta 1			470.748
	accn|JWYA01000042	3666	4502	+	sul1	sulfonamide-resistant dihydropteroate synthase Sul1	core	AMR	AMR	SULFONAMIDE	SULFONAMIDE	EXACTX	279	279	100.0	100.0	279	WP_000259031.1	sulfonamide-resistant dihydropteroate synthase Sul1			470.748
	accn|JWYA01000042	7851	8621	+	armA	16S rRNA (guanine(1405)-N(7))-methyltransferase ArmA	core	AMR	AMR	AMINOGLYCOSIDE	GENTAMICIN	EXACTX	257	257	100.0	100.0	257	WP_000359986.1	16S rRNA (guanine(1405)-N(7))-methyltransferase ArmA			470.748
	accn|JWYA01000042	10923	12395	+	msr(E)	ABC-F type ribosomal protection protein Msr(E)	core	AMR	AMR	MACROLIDE/STREPTOGRAMIN	AZITHROMYCIN/ERYTHROMYCIN/STREPTOGRAMIN	EXACTX	491	491	100.0	100.0	491	WP_000052512.1	ABC-F type ribosomal protection protein Msr(E)			470.748
	accn|JWYA01000042	12454	13335	+	mph(E)	Mph(E) family macrolide 2'-phosphotransferase	core	AMR	AMR	MACROLIDE	ERYTHROMYCIN	EXACTX	294	294	100.0	100.0	294	WP_000155092.1	Mph(E) family macrolide 2'-phosphotransferase			470.748
	accn|470.7491.con.0011	56710	57546	-	sul1	sulfonamide-resistant dihydropteroate synthase Sul1	core	AMR	AMR	SULFONAMIDE	SULFONAMIDE	EXACTX	279	279	100.0	100.0	279	WP_000259031.1	sulfonamide-resistant dihydropteroate synthase Sul1			470.7491
	accn|470.7491.con.0011	57543	57887	-	qacEdelta1	quaternary ammonium compound efflux SMR transporter QacE delta 1	core	STRESS	BIOCIDE	QUATERNARY AMMONIUM	QUATERNARY AMMONIUM	ALLELEX	115	115	100.0	100.0	115	WP_000679427.1	quaternary ammonium compound efflux SMR transporter QacE delta 1			470.7491
	accn|470.7491.con.0011	58047	58577	-	ant(2'')-Ia	aminoglycoside nucleotidyltransferase ANT(2'')-Ia	core	AMR	AMR	AMINOGLYCOSIDE	GENTAMICIN/KANAMYCIN/TOBRAMYCIN	EXACTX	177	177	100.0	100.0	177	WP_000381803.1	aminoglycoside nucleotidyltransferase ANT(2'')-Ia			470.7491
	accn|470.7491.con.0011	66008	67204	+	tet(A)	tetracycline efflux MFS transporter Tet(A)	core	AMR	AMR	TETRACYCLINE	TETRACYCLINE	BLASTX	399	399	100.0	99.75	399	WP_063855982.1	tetracycline efflux MFS transporter Tet(A)			470.7491
	accn|470.7491.con.0011	88137	88922	+	ant(3'')-IIa	aminoglycoside nucleotidyltransferase ANT(3'')-IIa	core	AMR	AMR	AMINOGLYCOSIDE	SPECTINOMYCIN/STREPTOMYCIN	BLASTX	262	262	100.0	98.47	262	WP_001112624.1	aminoglycoside nucleotidyltransferase ANT(3'')-IIa			470.7491
	accn|470.7491.con.0018	23078	23899	+	blaOXA-71	OXA-51 family carbapenem-hydrolyzing class D beta-lactamase OXA-71	core	AMR	AMR	BETA-LACTAM	CARBAPENEM	ALLELEX	274	274	100.0	100.0	274	WP_001021785.1	OXA-51 family carbapenem-hydrolyzing class D beta-lactamase OXA-71			470.7491
	accn|470.7491.con.0044	154	930	-	aph(3')-VIa	aminoglycoside O-phosphotransferase APH(3')-VIa	core	AMR	AMR	AMINOGLYCOSIDE	AMIKACIN/KANAMYCIN	EXACTX	259	259	100.0	100.0	259	WP_000422636.1	aminoglycoside O-phosphotransferase APH(3')-VIa			470.7491
	accn|470.7492.con.0030	85	906	+	blaOXA-71	OXA-51 family carbapenem-hydrolyzing class D beta-lactamase OXA-71	core	AMR	AMR	BETA-LACTAM	CARBAPENEM	ALLELEX	274	274	100.0	100.0	274	WP_001021785.1	OXA-51 family carbapenem-hydrolyzing class D beta-lactamase OXA-71			470.7492
	accn|470.7492.con.0052	170	946	+	aph(3')-VIa	aminoglycoside O-phosphotransferase APH(3')-VIa	core	AMR	AMR	AMINOGLYCOSIDE	AMIKACIN/KANAMYCIN	EXACTX	259	259	100.0	100.0	259	WP_000422636.1	aminoglycoside O-phosphotransferase APH(3')-VIa			470.7492
	accn|470.7494.con.0054	1296	2132	-	sul1	sulfonamide-resistant dihydropteroate synthase Sul1	core	AMR	AMR	SULFONAMIDE	SULFONAMIDE	EXACTX	279	279	100.0	100.0	279	WP_000259031.1	sulfonamide-resistant dihydropteroate synthase Sul1			470.7494
	accn|470.7494.con.0054	2129	2473	-	qacEdelta1	quaternary ammonium compound efflux SMR transporter QacE delta 1	core	STRESS	BIOCIDE	QUATERNARY AMMONIUM	QUATERNARY AMMONIUM	ALLELEX	115	115	100.0	100.0	115	WP_000679427.1	quaternary ammonium compound efflux SMR transporter QacE delta 1			470.7494
	accn|470.7494.con.0054	2640	3428	-	aadA1	ANT(3'')-Ia family aminoglycoside nucleotidyltransferase AadA1	core	AMR	AMR	AMINOGLYCOSIDE	STREPTOMYCIN	EXACTX	263	263	100.0	100.0	263	WP_001206316.1	ANT(3'')-Ia family aminoglycoside nucleotidyltransferase AadA1			470.7494
	accn|470.7494.con.0054	4475	4936	-	aac(3)-Ia	aminoglycoside N-acetyltransferase AAC(3)-Ia	core	AMR	AMR	AMINOGLYCOSIDE	GENTAMICIN	EXACTX	154	154	100.0	100.0	154	WP_002089484.1	aminoglycoside N-acetyltransferase AAC(3)-Ia			470.7494
	accn|470.7494.con.0064	20	877	-	blaTEM-1	broad-spectrum class A beta-lactamase TEM-1	core	AMR	AMR	BETA-LACTAM	BETA-LACTAM	ALLELEX	286	286	100.0	100.0	286	WP_000027057.1	broad-spectrum class A beta-lactamase TEM-1			470.7494
	accn|470.7496.con.0004	389571	390719	-	blaADC-79	extended-spectrum class C beta-lactamase ADC-79	core	AMR	AMR	BETA-LACTAM	CEPHALOSPORIN	ALLELEX	383	383	100.0	100.0	383	WP_001159760.1	extended-spectrum class C beta-lactamase ADC-79			470.7496
	accn|470.7496.con.0013	56660	57496	-	sul1	sulfonamide-resistant dihydropteroate synthase Sul1	core	AMR	AMR	SULFONAMIDE	SULFONAMIDE	EXACTX	279	279	100.0	100.0	279	WP_000259031.1	sulfonamide-resistant dihydropteroate synthase Sul1			470.7496
	accn|470.7496.con.0013	57493	57837	-	qacEdelta1	quaternary ammonium compound efflux SMR transporter QacE delta 1	core	STRESS	BIOCIDE	QUATERNARY AMMONIUM	QUATERNARY AMMONIUM	ALLELEX	115	115	100.0	100.0	115	WP_000679427.1	quaternary ammonium compound efflux SMR transporter QacE delta 1			470.7496
	accn|470.7496.con.0013	57997	58527	-	ant(2'')-Ia	aminoglycoside nucleotidyltransferase ANT(2'')-Ia	core	AMR	AMR	AMINOGLYCOSIDE	GENTAMICIN/KANAMYCIN/TOBRAMYCIN	EXACTX	177	177	100.0	100.0	177	WP_000381803.1	aminoglycoside nucleotidyltransferase ANT(2'')-Ia			470.7496
	accn|470.7496.con.0013	65958	67154	+	tet(A)	tetracycline efflux MFS transporter Tet(A)	core	AMR	AMR	TETRACYCLINE	TETRACYCLINE	BLASTX	399	399	100.0	99.75	399	WP_063855982.1	tetracycline efflux MFS transporter Tet(A)			470.7496
	accn|470.7496.con.0013	88087	88872	+	ant(3'')-IIa	aminoglycoside nucleotidyltransferase ANT(3'')-IIa	core	AMR	AMR	AMINOGLYCOSIDE	SPECTINOMYCIN/STREPTOMYCIN	BLASTX	262	262	100.0	98.47	262	WP_001112624.1	aminoglycoside nucleotidyltransferase ANT(3'')-IIa			470.7496
	accn|470.7497.con.0001	65365	66186	-	blaOXA-98	OXA-51 family carbapenem-hydrolyzing class D beta-lactamase OXA-98	core	AMR	AMR	BETA-LACTAM	CARBAPENEM	ALLELEX	274	274	100.0	100.0	274	WP_001021777.1	OXA-51 family carbapenem-hydrolyzing class D beta-lactamase OXA-98			470.7497
	accn|470.7497.con.0004	256214	257362	-	blaADC-241	extended-spectrum class C beta-lactamase ADC-241	core	AMR	AMR	BETA-LACTAM	CEPHALOSPORIN	ALLELEX	383	383	100.0	100.0	383	WP_001211198.1	extended-spectrum class C beta-lactamase ADC-241			470.7497
	accn|470.7497.con.0017	57937	58722	+	ant(3'')-IIa	aminoglycoside nucleotidyltransferase ANT(3'')-IIa	core	AMR	AMR	AMINOGLYCOSIDE	SPECTINOMYCIN/STREPTOMYCIN	BLASTX	262	262	100.0	99.62	262	WP_001112624.1	aminoglycoside nucleotidyltransferase ANT(3'')-IIa			470.7497
	accn|470.7498.con.0003	18737	19885	+	blaADC-79	extended-spectrum class C beta-lactamase ADC-79	core	AMR	AMR	BETA-LACTAM	CEPHALOSPORIN	ALLELEX	383	383	100.0	100.0	383	WP_001159760.1	extended-spectrum class C beta-lactamase ADC-79			470.7498
	accn|470.7499.con.0018	7102	7923	-	blaOXA-71	OXA-51 family carbapenem-hydrolyzing class D beta-lactamase OXA-71	core	AMR	AMR	BETA-LACTAM	CARBAPENEM	ALLELEX	274	274	100.0	100.0	274	WP_001021785.1	OXA-51 family carbapenem-hydrolyzing class D beta-lactamase OXA-71			470.7499
	accn|470.7499.con.0044	154	930	-	aph(3')-VIa	aminoglycoside O-phosphotransferase APH(3')-VIa	core	AMR	AMR	AMINOGLYCOSIDE	AMIKACIN/KANAMYCIN	EXACTX	259	259	100.0	100.0	259	WP_000422636.1	aminoglycoside O-phosphotransferase APH(3')-VIa			470.7499
	accn|JWYB01000004	59254	60054	+	aph(3'')-Ib	aminoglycoside O-phosphotransferase APH(3'')-Ib	core	AMR	AMR	AMINOGLYCOSIDE	STREPTOMYCIN	EXACTX	267	267	100.0	100.0	267	WP_001082319.1	aminoglycoside O-phosphotransferase APH(3'')-Ib			470.749
	accn|JWYB01000004	60057	60890	+	aph(6)-Id	aminoglycoside O-phosphotransferase APH(6)-Id	core	AMR	AMR	AMINOGLYCOSIDE	STREPTOMYCIN	EXACTX	278	278	100.0	100.0	278	WP_000480968.1	aminoglycoside O-phosphotransferase APH(6)-Id			470.749
	accn|JWYB01000004	64266	65465	+	tet(B)	tetracycline efflux MFS transporter Tet(B)	core	AMR	AMR	TETRACYCLINE	TETRACYCLINE	BLASTX	400	401	99.75	100.0	400	WP_001089072.1	tetracycline efflux MFS transporter Tet(B)			470.749
	accn|JWYB01000010	35419	36204	-	ant(3'')-IIa	aminoglycoside nucleotidyltransferase ANT(3'')-IIa	core	AMR	AMR	AMINOGLYCOSIDE	SPECTINOMYCIN/STREPTOMYCIN	BLASTX	262	262	100.0	98.85	262	WP_001279062.1	aminoglycoside nucleotidyltransferase ANT(3'')-IIa			470.749
	accn|470.7502.con.0049	154	930	-	aph(3')-VIa	aminoglycoside O-phosphotransferase APH(3')-VIa	core	AMR	AMR	AMINOGLYCOSIDE	AMIKACIN/KANAMYCIN	EXACTX	259	259	100.0	100.0	259	WP_000422636.1	aminoglycoside O-phosphotransferase APH(3')-VIa			470.7502
	accn|470.7503.con.0057	194	1006	+	aph(3')-Ia	aminoglycoside O-phosphotransferase APH(3')-Ia	core	AMR	AMR	AMINOGLYCOSIDE	KANAMYCIN	EXACTX	271	271	100.0	100.0	271	WP_000018326.1	aminoglycoside O-phosphotransferase APH(3')-Ia			470.7503
	accn|470.7504.con.0006	145769	146554	+	ant(3'')-IIa	aminoglycoside nucleotidyltransferase ANT(3'')-IIa	core	AMR	AMR	AMINOGLYCOSIDE	SPECTINOMYCIN/STREPTOMYCIN	EXACTX	262	262	100.0	100.0	262	WP_001279073.1	aminoglycoside nucleotidyltransferase ANT(3'')-IIa			470.7504
	accn|470.7504.con.0022	137	1285	+	blaADC-30	extended-spectrum class C beta-lactamase ADC-30	core	AMR	AMR	BETA-LACTAM	CEPHALOSPORIN	ALLELEX	383	383	100.0	100.0	383	WP_001211218.1	extended-spectrum class C beta-lactamase ADC-30			470.7504
	accn|470.7504.con.0044	1346	2182	-	sul1	sulfonamide-resistant dihydropteroate synthase Sul1	core	AMR	AMR	SULFONAMIDE	SULFONAMIDE	EXACTX	279	279	100.0	100.0	279	WP_000259031.1	sulfonamide-resistant dihydropteroate synthase Sul1			470.7504
	accn|470.7504.con.0044	2179	2523	-	qacEdelta1	quaternary ammonium compound efflux SMR transporter QacE delta 1	core	STRESS	BIOCIDE	QUATERNARY AMMONIUM	QUATERNARY AMMONIUM	ALLELEX	115	115	100.0	100.0	115	WP_000679427.1	quaternary ammonium compound efflux SMR transporter QacE delta 1			470.7504
	accn|470.7504.con.0044	2690	3478	-	aadA1	ANT(3'')-Ia family aminoglycoside nucleotidyltransferase AadA1	core	AMR	AMR	AMINOGLYCOSIDE	STREPTOMYCIN	EXACTX	263	263	100.0	100.0	263	WP_001206316.1	ANT(3'')-Ia family aminoglycoside nucleotidyltransferase AadA1			470.7504
	accn|470.7504.con.0044	5063	5524	-	aac(3)-Ia	aminoglycoside N-acetyltransferase AAC(3)-Ia	core	AMR	AMR	AMINOGLYCOSIDE	GENTAMICIN	EXACTX	154	154	100.0	100.0	154	WP_002089484.1	aminoglycoside N-acetyltransferase AAC(3)-Ia			470.7504
	accn|470.7505.con.0019	74251	75051	+	aph(3'')-Ib	aminoglycoside O-phosphotransferase APH(3'')-Ib	core	AMR	AMR	AMINOGLYCOSIDE	STREPTOMYCIN	EXACTX	267	267	100.0	100.0	267	WP_001082319.1	aminoglycoside O-phosphotransferase APH(3'')-Ib			470.7505
	accn|470.7505.con.0019	75054	75887	+	aph(6)-Id	aminoglycoside O-phosphotransferase APH(6)-Id	core	AMR	AMR	AMINOGLYCOSIDE	STREPTOMYCIN	EXACTX	278	278	100.0	100.0	278	WP_000480968.1	aminoglycoside O-phosphotransferase APH(6)-Id			470.7505
	accn|470.7505.con.0019	79263	80462	+	tet(B)	tetracycline efflux MFS transporter Tet(B)	core	AMR	AMR	TETRACYCLINE	TETRACYCLINE	BLASTX	400	401	99.75	100.0	400	WP_001089072.1	tetracycline efflux MFS transporter Tet(B)			470.7505
	accn|470.7505.con.0022	137	1285	+	blaADC-30	extended-spectrum class C beta-lactamase ADC-30	core	AMR	AMR	BETA-LACTAM	CEPHALOSPORIN	ALLELEX	383	383	100.0	100.0	383	WP_001211218.1	extended-spectrum class C beta-lactamase ADC-30			470.7505
	accn|470.7505.con.0064	194	1006	+	aph(3')-Ia	aminoglycoside O-phosphotransferase APH(3')-Ia	core	AMR	AMR	AMINOGLYCOSIDE	KANAMYCIN	EXACTX	271	271	100.0	100.0	271	WP_000018326.1	aminoglycoside O-phosphotransferase APH(3')-Ia			470.7505
	accn|470.7505.con.0067	698	1555	+	blaTEM-1	broad-spectrum class A beta-lactamase TEM-1	core	AMR	AMR	BETA-LACTAM	BETA-LACTAM	ALLELEX	286	286	100.0	100.0	286	WP_000027057.1	broad-spectrum class A beta-lactamase TEM-1			470.7505
	accn|470.7506.con.0003	267124	267945	+	blaOXA-317	OXA-51 family carbapenem-hydrolyzing class D beta-lactamase OXA-317	core	AMR	AMR	BETA-LACTAM	CARBAPENEM	ALLELEX	274	274	100.0	100.0	274	WP_001021778.1	OXA-51 family carbapenem-hydrolyzing class D beta-lactamase OXA-317			470.7506
	accn|470.7506.con.0017	3129	4313	-	tet(39)	tetracycline efflux MFS transporter Tet(39)	core	AMR	AMR	TETRACYCLINE	TETRACYCLINE	EXACTX	395	395	100.0	100.0	395	WP_004856455.1	tetracycline efflux MFS transporter Tet(39)			470.7506
	accn|470.7506.con.0019	1858	2634	-	aph(3')-VIa	aminoglycoside O-phosphotransferase APH(3')-VIa	core	AMR	AMR	AMINOGLYCOSIDE	AMIKACIN/KANAMYCIN	BLASTX	259	259	100.0	99.23	259	WP_000422636.1	aminoglycoside O-phosphotransferase APH(3')-VIa			470.7506
	accn|470.7507.con.0067	698	1555	+	blaTEM-1	broad-spectrum class A beta-lactamase TEM-1	core	AMR	AMR	BETA-LACTAM	BETA-LACTAM	ALLELEX	286	286	100.0	100.0	286	WP_000027057.1	broad-spectrum class A beta-lactamase TEM-1			470.7507
	accn|470.7508.con.0005	143545	144366	-	blaOXA-66	OXA-51 family carbapenem-hydrolyzing class D beta-lactamase OXA-66	core	AMR	AMR	BETA-LACTAM	CARBAPENEM	ALLELEX	274	274	100.0	100.0	274	WP_001021792.1	OXA-51 family carbapenem-hydrolyzing class D beta-lactamase OXA-66			470.7508
	accn|470.7509.con.0001	456591	457412	-	blaOXA-259	OXA-51 family carbapenem-hydrolyzing class D beta-lactamase OXA-259	core	AMR	AMR	BETA-LACTAM	CARBAPENEM	ALLELEX	274	274	100.0	100.0	274	WP_001021784.1	OXA-51 family carbapenem-hydrolyzing class D beta-lactamase OXA-259			470.7509
	accn|470.7509.con.0002	279073	280221	-	blaADC-26	extended-spectrum class C beta-lactamase ADC-26	core	AMR	AMR	BETA-LACTAM	CEPHALOSPORIN	ALLELEX	383	383	100.0	100.0	383	WP_001211238.1	extended-spectrum class C beta-lactamase ADC-26			470.7509
	accn|470.7511.con.0001	414593	415414	+	blaOXA-66	OXA-51 family carbapenem-hydrolyzing class D beta-lactamase OXA-66	core	AMR	AMR	BETA-LACTAM	CARBAPENEM	ALLELEX	274	274	100.0	100.0	274	WP_001021792.1	OXA-51 family carbapenem-hydrolyzing class D beta-lactamase OXA-66			470.7511
	accn|470.7511.con.0002	361	1509	+	blaADC-25	extended-spectrum class C beta-lactamase ADC-25	core	AMR	AMR	BETA-LACTAM	CEPHALOSPORIN	ALLELEX	383	383	100.0	100.0	383	WP_001211217.1	extended-spectrum class C beta-lactamase ADC-25			470.7511
	accn|470.7511.con.0006	225819	226637	-	blaOXA-23	OXA-23 family carbapenem-hydrolyzing class D beta-lactamase OXA-23	core	AMR	AMR	BETA-LACTAM	CARBAPENEM	ALLELEX	273	273	100.0	100.0	273	WP_001046004.1	OXA-23 family carbapenem-hydrolyzing class D beta-lactamase OXA-23			470.7511
	accn|470.7511.con.0010	58850	59311	-	aac(3)-Ia	aminoglycoside N-acetyltransferase AAC(3)-Ia	core	AMR	AMR	AMINOGLYCOSIDE	GENTAMICIN	EXACTX	154	154	100.0	100.0	154	WP_002089484.1	aminoglycoside N-acetyltransferase AAC(3)-Ia			470.7511
	accn|470.7511.con.0032	148	960	+	sul2	sulfonamide-resistant dihydropteroate synthase Sul2	core	AMR	AMR	SULFONAMIDE	SULFONAMIDE	EXACTX	271	271	100.0	100.0	271	WP_001043260.1	sulfonamide-resistant dihydropteroate synthase Sul2			470.7511
	accn|470.7511.con.0032	3579	4388	-	aph(6)-Id	aminoglycoside O-phosphotransferase APH(6)-Id	core	AMR	AMR	AMINOGLYCOSIDE	STREPTOMYCIN	BLASTX	270	278	97.12	100.0	270	WP_000480968.1	aminoglycoside O-phosphotransferase APH(6)-Id			470.7511
	accn|470.7511.con.0040	153	953	-	aph(3'')-Ib	aminoglycoside O-phosphotransferase APH(3'')-Ib	core	AMR	AMR	AMINOGLYCOSIDE	STREPTOMYCIN	EXACTX	267	267	100.0	100.0	267	WP_001082319.1	aminoglycoside O-phosphotransferase APH(3'')-Ib			470.7511
	accn|470.7512.con.0001	283593	284741	-	blaADC-249	extended-spectrum class C beta-lactamase ADC-249	core	AMR	AMR	BETA-LACTAM	CEPHALOSPORIN	ALLELEX	383	383	100.0	100.0	383	WP_001211200.1	extended-spectrum class C beta-lactamase ADC-249			470.7512
	accn|470.7513.con.0017	65763	66911	+	blaADC-154	extended-spectrum class C beta-lactamase ADC-154	core	AMR	AMR	BETA-LACTAM	CEPHALOSPORIN	ALLELEX	383	383	100.0	100.0	383	WP_005138362.1	extended-spectrum class C beta-lactamase ADC-154			470.7513
	accn|470.7514.con.0030	39906	41054	-	blaADC-30	extended-spectrum class C beta-lactamase ADC-30	core	AMR	AMR	BETA-LACTAM	CEPHALOSPORIN	ALLELEX	383	383	100.0	100.0	383	WP_001211218.1	extended-spectrum class C beta-lactamase ADC-30			470.7514
	accn|470.7515.con.0006	34716	35501	-	ant(3'')-IIa	aminoglycoside nucleotidyltransferase ANT(3'')-IIa	core	AMR	AMR	AMINOGLYCOSIDE	SPECTINOMYCIN/STREPTOMYCIN	EXACTX	262	262	100.0	100.0	262	WP_001279062.1	aminoglycoside nucleotidyltransferase ANT(3'')-IIa			470.7515
	accn|470.7516.con.0001	547565	548713	+	blaADC-247	extended-spectrum class C beta-lactamase ADC-247	core	AMR	AMR	BETA-LACTAM	CEPHALOSPORIN	ALLELEX	383	383	100.0	100.0	383	WP_032058755.1	extended-spectrum class C beta-lactamase ADC-247			470.7516
	accn|470.7516.con.0002	347989	348810	+	blaOXA-106	OXA-51 family carbapenem-hydrolyzing class D beta-lactamase OXA-106	core	AMR	AMR	BETA-LACTAM	CARBAPENEM	ALLELEX	274	274	100.0	100.0	274	WP_031963705.1	OXA-51 family carbapenem-hydrolyzing class D beta-lactamase OXA-106			470.7516
	accn|470.7516.con.0007	35492	36277	-	ant(3'')-IIa	aminoglycoside nucleotidyltransferase ANT(3'')-IIa	core	AMR	AMR	AMINOGLYCOSIDE	SPECTINOMYCIN/STREPTOMYCIN	BLASTX	262	262	100.0	97.33	262	WP_001279073.1	aminoglycoside nucleotidyltransferase ANT(3'')-IIa			470.7516
	accn|470.7517.con.0002	469268	470089	+	blaOXA-314	OXA-51 family carbapenem-hydrolyzing class D beta-lactamase OXA-314	core	AMR	AMR	BETA-LACTAM	CARBAPENEM	ALLELEX	274	274	100.0	100.0	274	WP_031976872.1	OXA-51 family carbapenem-hydrolyzing class D beta-lactamase OXA-314			470.7517
	accn|470.7517.con.0007	122003	122788	+	ant(3'')-IIa	aminoglycoside nucleotidyltransferase ANT(3'')-IIa	core	AMR	AMR	AMINOGLYCOSIDE	SPECTINOMYCIN/STREPTOMYCIN	BLASTX	262	262	100.0	98.47	262	WP_001279073.1	aminoglycoside nucleotidyltransferase ANT(3'')-IIa			470.7517
	accn|470.7518.con.0001	279182	280003	-	blaOXA-69	OXA-51 family carbapenem-hydrolyzing class D beta-lactamase OXA-69	core	AMR	AMR	BETA-LACTAM	CARBAPENEM	ALLELEX	274	274	100.0	100.0	274	WP_001021779.1	OXA-51 family carbapenem-hydrolyzing class D beta-lactamase OXA-69			470.7518
	accn|470.7518.con.0011	103675	104460	+	ant(3'')-IIa	aminoglycoside nucleotidyltransferase ANT(3'')-IIa	core	AMR	AMR	AMINOGLYCOSIDE	SPECTINOMYCIN/STREPTOMYCIN	EXACTX	262	262	100.0	100.0	262	WP_001279062.1	aminoglycoside nucleotidyltransferase ANT(3'')-IIa			470.7518
	accn|470.7519.con.0001	67035	67856	-	blaOXA-69	OXA-51 family carbapenem-hydrolyzing class D beta-lactamase OXA-69	core	AMR	AMR	BETA-LACTAM	CARBAPENEM	ALLELEX	274	274	100.0	100.0	274	WP_001021779.1	OXA-51 family carbapenem-hydrolyzing class D beta-lactamase OXA-69			470.7519
	accn|470.7519.con.0003	328351	329499	+	blaADC-160	extended-spectrum class C beta-lactamase ADC-160	core	AMR	AMR	BETA-LACTAM	CEPHALOSPORIN	ALLELEX	383	383	100.0	100.0	383	WP_032037870.1	extended-spectrum class C beta-lactamase ADC-160			470.7519
	accn|470.7519.con.0010	34692	35477	-	ant(3'')-IIa	aminoglycoside nucleotidyltransferase ANT(3'')-IIa	core	AMR	AMR	AMINOGLYCOSIDE	SPECTINOMYCIN/STREPTOMYCIN	BLASTX	262	262	100.0	99.24	262	WP_001112624.1	aminoglycoside nucleotidyltransferase ANT(3'')-IIa			470.7519
	accn|JWYD01000019	36648	37424	-	aph(3')-VIa	aminoglycoside O-phosphotransferase APH(3')-VIa	core	AMR	AMR	AMINOGLYCOSIDE	AMIKACIN/KANAMYCIN	BLASTX	259	259	100.0	99.61	259	WP_000422636.1	aminoglycoside O-phosphotransferase APH(3')-VIa			470.751
	accn|JWYD01000022	1033	1584	+	aac(6')-Ib'	aminoglycoside N-acetyltransferase AAC(6')-Ib'	core	AMR	AMR	AMINOGLYCOSIDE	GENTAMICIN	EXACTX	184	184	100.0	100.0	184	WP_014454105.1	aminoglycoside N-acetyltransferase AAC(6')-Ib'			470.751
	accn|JWYD01000022	1680	2309	+	catB8	type B-3 chloramphenicol O-acetyltransferase CatB8	core	AMR	AMR	PHENICOL	CHLORAMPHENICOL	EXACTX	210	210	100.0	100.0	210	WP_002075262.1	type B-3 chloramphenicol O-acetyltransferase CatB8			470.751
	accn|JWYD01000022	2370	3158	+	aadA1	ANT(3'')-Ia family aminoglycoside nucleotidyltransferase AadA1	core	AMR	AMR	AMINOGLYCOSIDE	STREPTOMYCIN	EXACTX	263	263	100.0	100.0	263	WP_001206316.1	ANT(3'')-Ia family aminoglycoside nucleotidyltransferase AadA1			470.751
	accn|JWYD01000022	3325	3669	+	qacEdelta1	quaternary ammonium compound efflux SMR transporter QacE delta 1	core	STRESS	BIOCIDE	QUATERNARY AMMONIUM	QUATERNARY AMMONIUM	ALLELEX	115	115	100.0	100.0	115	WP_000679427.1	quaternary ammonium compound efflux SMR transporter QacE delta 1			470.751
	accn|JWYD01000022	3666	4502	+	sul1	sulfonamide-resistant dihydropteroate synthase Sul1	core	AMR	AMR	SULFONAMIDE	SULFONAMIDE	EXACTX	279	279	100.0	100.0	279	WP_000259031.1	sulfonamide-resistant dihydropteroate synthase Sul1			470.751
	accn|JWYD01000022	7850	8620	+	armA	16S rRNA (guanine(1405)-N(7))-methyltransferase ArmA	core	AMR	AMR	AMINOGLYCOSIDE	GENTAMICIN	EXACTX	257	257	100.0	100.0	257	WP_000359986.1	16S rRNA (guanine(1405)-N(7))-methyltransferase ArmA			470.751
	accn|JWYD01000022	10922	12394	+	msr(E)	ABC-F type ribosomal protection protein Msr(E)	core	AMR	AMR	MACROLIDE/STREPTOGRAMIN	AZITHROMYCIN/ERYTHROMYCIN/STREPTOGRAMIN	EXACTX	491	491	100.0	100.0	491	WP_000052512.1	ABC-F type ribosomal protection protein Msr(E)			470.751
	accn|JWYD01000022	12453	13334	+	mph(E)	Mph(E) family macrolide 2'-phosphotransferase	core	AMR	AMR	MACROLIDE	ERYTHROMYCIN	EXACTX	294	294	100.0	100.0	294	WP_000155092.1	Mph(E) family macrolide 2'-phosphotransferase			470.751
	accn|JWYD01000037	11764	12582	-	blaOXA-23	OXA-23 family carbapenem-hydrolyzing class D beta-lactamase OXA-23	core	AMR	AMR	BETA-LACTAM	CARBAPENEM	ALLELEX	273	273	100.0	100.0	273	WP_001046004.1	OXA-23 family carbapenem-hydrolyzing class D beta-lactamase OXA-23			470.751
	accn|470.7521.con.0052	147	1004	-	blaTEM-1	broad-spectrum class A beta-lactamase TEM-1	core	AMR	AMR	BETA-LACTAM	BETA-LACTAM	ALLELEX	286	286	100.0	100.0	286	WP_000027057.1	broad-spectrum class A beta-lactamase TEM-1			470.7521
	accn|470.7521.con.0053	194	1006	+	aph(3')-Ia	aminoglycoside O-phosphotransferase APH(3')-Ia	core	AMR	AMR	AMINOGLYCOSIDE	KANAMYCIN	EXACTX	271	271	100.0	100.0	271	WP_000018326.1	aminoglycoside O-phosphotransferase APH(3')-Ia			470.7521
	accn|470.7521.con.0054	146	958	+	sul2	sulfonamide-resistant dihydropteroate synthase Sul2	core	AMR	AMR	SULFONAMIDE	SULFONAMIDE	EXACTX	271	271	100.0	100.0	271	WP_001043260.1	sulfonamide-resistant dihydropteroate synthase Sul2			470.7521
	accn|470.7523.con.0001	812475	813296	-	blaOXA-532	OXA-51 family carbapenem-hydrolyzing class D beta-lactamase OXA-532	core	AMR	AMR	BETA-LACTAM	CARBAPENEM	ALLELEX	274	274	100.0	100.0	274	WP_068981647.1	OXA-51 family carbapenem-hydrolyzing class D beta-lactamase OXA-532			470.7523
	accn|470.7523.con.0001	1729429	1730577	+	blaADC-103	extended-spectrum class C beta-lactamase ADC-103	core	AMR	AMR	BETA-LACTAM	CEPHALOSPORIN	ALLELEX	383	383	100.0	100.0	383	WP_068981610.1	extended-spectrum class C beta-lactamase ADC-103			470.7523
	accn|470.7523.con.0006	34799	35584	-	ant(3'')-IIa	aminoglycoside nucleotidyltransferase ANT(3'')-IIa	core	AMR	AMR	AMINOGLYCOSIDE	SPECTINOMYCIN/STREPTOMYCIN	BLASTX	262	262	100.0	99.24	262	WP_001112624.1	aminoglycoside nucleotidyltransferase ANT(3'')-IIa			470.7523
	accn|470.7525.con.0003	89091	89912	-	blaOXA-69	OXA-51 family carbapenem-hydrolyzing class D beta-lactamase OXA-69	core	AMR	AMR	BETA-LACTAM	CARBAPENEM	ALLELEX	274	274	100.0	100.0	274	WP_001021779.1	OXA-51 family carbapenem-hydrolyzing class D beta-lactamase OXA-69			470.7525
	accn|470.7526.con.0010	134149	134934	+	ant(3'')-IIa	aminoglycoside nucleotidyltransferase ANT(3'')-IIa	core	AMR	AMR	AMINOGLYCOSIDE	SPECTINOMYCIN/STREPTOMYCIN	EXACTX	262	262	100.0	100.0	262	WP_001279062.1	aminoglycoside nucleotidyltransferase ANT(3'')-IIa			470.7526
	accn|470.7526.con.0018	78698	79846	-	blaADC-240	extended-spectrum class C beta-lactamase ADC-240	core	AMR	AMR	BETA-LACTAM	CEPHALOSPORIN	ALLELEX	383	383	100.0	100.0	383	WP_001211207.1	extended-spectrum class C beta-lactamase ADC-240			470.7526
	accn|470.7527.con.0010	80522	81307	+	ant(3'')-IIa	aminoglycoside nucleotidyltransferase ANT(3'')-IIa	core	AMR	AMR	AMINOGLYCOSIDE	SPECTINOMYCIN/STREPTOMYCIN	EXACTX	262	262	100.0	100.0	262	WP_001279062.1	aminoglycoside nucleotidyltransferase ANT(3'')-IIa			470.7527
	accn|470.7527.con.0025	38543	39691	-	blaADC-185	extended-spectrum class C beta-lactamase ADC-185	core	AMR	AMR	BETA-LACTAM	CEPHALOSPORIN	ALLELEX	383	383	100.0	100.0	383	WP_001211210.1	extended-spectrum class C beta-lactamase ADC-185			470.7527
	accn|470.7527.con.0046	5410	5940	+	ant(2'')-Ia	aminoglycoside nucleotidyltransferase ANT(2'')-Ia	core	AMR	AMR	AMINOGLYCOSIDE	GENTAMICIN/KANAMYCIN/TOBRAMYCIN	BLASTX	177	177	100.0	98.31	177	WP_000381803.1	aminoglycoside nucleotidyltransferase ANT(2'')-Ia			470.7527
	accn|470.7528.con.0008	65970	66791	-	blaOXA-68	OXA-51 family carbapenem-hydrolyzing class D beta-lactamase OXA-68	core	AMR	AMR	BETA-LACTAM	CARBAPENEM	ALLELEX	274	274	100.0	100.0	274	WP_001021775.1	OXA-51 family carbapenem-hydrolyzing class D beta-lactamase OXA-68			470.7528
	accn|470.7528.con.0026	8941	9726	-	ant(3'')-IIa	aminoglycoside nucleotidyltransferase ANT(3'')-IIa	core	AMR	AMR	AMINOGLYCOSIDE	SPECTINOMYCIN/STREPTOMYCIN	BLASTX	262	262	100.0	98.85	262	WP_001279062.1	aminoglycoside nucleotidyltransferase ANT(3'')-IIa			470.7528
	accn|470.7528.con.0044	5140	5670	-	ant(2'')-Ia	aminoglycoside nucleotidyltransferase ANT(2'')-Ia	core	AMR	AMR	AMINOGLYCOSIDE	GENTAMICIN/KANAMYCIN/TOBRAMYCIN	BLASTX	177	177	100.0	98.31	177	WP_000381803.1	aminoglycoside nucleotidyltransferase ANT(2'')-Ia			470.7528
	accn|470.7528.con.0049	1	597	+	aph(3'')-Ib	aminoglycoside O-phosphotransferase APH(3'')-Ib	core	AMR	AMR	AMINOGLYCOSIDE	STREPTOMYCIN	PARTIAL_CONTIG_ENDX	199	267	74.53	100.0	199	WP_001082319.1	aminoglycoside O-phosphotransferase APH(3'')-Ib			470.7528
	accn|470.7528.con.0049	600	1433	+	aph(6)-Id	aminoglycoside O-phosphotransferase APH(6)-Id	core	AMR	AMR	AMINOGLYCOSIDE	STREPTOMYCIN	EXACTX	278	278	100.0	100.0	278	WP_000480968.1	aminoglycoside O-phosphotransferase APH(6)-Id			470.7528
	accn|470.7529.con.0040	5081	5611	-	ant(2'')-Ia	aminoglycoside nucleotidyltransferase ANT(2'')-Ia	core	AMR	AMR	AMINOGLYCOSIDE	GENTAMICIN/KANAMYCIN/TOBRAMYCIN	BLASTX	177	177	100.0	98.31	177	WP_000381803.1	aminoglycoside nucleotidyltransferase ANT(2'')-Ia			470.7529
	accn|470.7529.con.0053	675	1487	-	aph(3')-Ia	aminoglycoside O-phosphotransferase APH(3')-Ia	core	AMR	AMR	AMINOGLYCOSIDE	KANAMYCIN	EXACTX	271	271	100.0	100.0	271	WP_000018326.1	aminoglycoside O-phosphotransferase APH(3')-Ia			470.7529
	accn|470.7529.con.0056	458	1270	-	sul2	sulfonamide-resistant dihydropteroate synthase Sul2	core	AMR	AMR	SULFONAMIDE	SULFONAMIDE	EXACTX	271	271	100.0	100.0	271	WP_001043260.1	sulfonamide-resistant dihydropteroate synthase Sul2			470.7529
	accn|470.7529.con.0061	155	931	-	aph(3')-VIa	aminoglycoside O-phosphotransferase APH(3')-VIa	core	AMR	AMR	AMINOGLYCOSIDE	AMIKACIN/KANAMYCIN	BLASTX	259	259	100.0	99.61	259	WP_000422636.1	aminoglycoside O-phosphotransferase APH(3')-VIa			470.7529
	accn|JWYE01000027	35419	36204	-	ant(3'')-IIa	aminoglycoside nucleotidyltransferase ANT(3'')-IIa	core	AMR	AMR	AMINOGLYCOSIDE	SPECTINOMYCIN/STREPTOMYCIN	BLASTX	262	262	100.0	98.85	262	WP_001279062.1	aminoglycoside nucleotidyltransferase ANT(3'')-IIa			470.752
	accn|JWYE01000049	11764	12582	-	blaOXA-23	OXA-23 family carbapenem-hydrolyzing class D beta-lactamase OXA-23	core	AMR	AMR	BETA-LACTAM	CARBAPENEM	ALLELEX	273	273	100.0	100.0	273	WP_001046004.1	OXA-23 family carbapenem-hydrolyzing class D beta-lactamase OXA-23			470.752
	accn|JWYE01000072	84	860	-	aph(3')-VIa	aminoglycoside O-phosphotransferase APH(3')-VIa	core	AMR	AMR	AMINOGLYCOSIDE	AMIKACIN/KANAMYCIN	BLASTX	259	259	100.0	99.61	259	WP_000422636.1	aminoglycoside O-phosphotransferase APH(3')-VIa			470.752
	accn|470.7531.con.0001	265557	266378	+	blaOXA-66	OXA-51 family carbapenem-hydrolyzing class D beta-lactamase OXA-66	core	AMR	AMR	BETA-LACTAM	CARBAPENEM	ALLELEX	274	274	100.0	100.0	274	WP_001021792.1	OXA-51 family carbapenem-hydrolyzing class D beta-lactamase OXA-66			470.7531
	accn|470.7531.con.0012	124819	125604	+	ant(3'')-IIa	aminoglycoside nucleotidyltransferase ANT(3'')-IIa	core	AMR	AMR	AMINOGLYCOSIDE	SPECTINOMYCIN/STREPTOMYCIN	BLASTX	262	262	100.0	99.24	262	WP_001279062.1	aminoglycoside nucleotidyltransferase ANT(3'')-IIa			470.7531
	accn|470.7531.con.0031	205	993	-	aadA1	ANT(3'')-Ia family aminoglycoside nucleotidyltransferase AadA1	core	AMR	AMR	AMINOGLYCOSIDE	STREPTOMYCIN	EXACTX	263	263	100.0	100.0	263	WP_001206316.1	ANT(3'')-Ia family aminoglycoside nucleotidyltransferase AadA1			470.7531
	accn|470.7531.con.0031	2578	3039	-	aac(3)-Ia	aminoglycoside N-acetyltransferase AAC(3)-Ia	core	AMR	AMR	AMINOGLYCOSIDE	GENTAMICIN	EXACTX	154	154	100.0	100.0	154	WP_002089484.1	aminoglycoside N-acetyltransferase AAC(3)-Ia			470.7531
	accn|470.7531.con.0032	1600	2130	-	ant(2'')-Ia	aminoglycoside nucleotidyltransferase ANT(2'')-Ia	core	AMR	AMR	AMINOGLYCOSIDE	GENTAMICIN/KANAMYCIN/TOBRAMYCIN	BLASTX	177	177	100.0	98.31	177	WP_000381803.1	aminoglycoside nucleotidyltransferase ANT(2'')-Ia			470.7531
	accn|470.7531.con.0041	96	953	-	blaTEM-1	broad-spectrum class A beta-lactamase TEM-1	core	AMR	AMR	BETA-LACTAM	BETA-LACTAM	ALLELEX	286	286	100.0	100.0	286	WP_000027057.1	broad-spectrum class A beta-lactamase TEM-1			470.7531
	accn|470.7531.con.0043	452	1264	-	aph(3')-Ia	aminoglycoside O-phosphotransferase APH(3')-Ia	core	AMR	AMR	AMINOGLYCOSIDE	KANAMYCIN	EXACTX	271	271	100.0	100.0	271	WP_000018326.1	aminoglycoside O-phosphotransferase APH(3')-Ia			470.7531
	accn|470.7532.con.0001	87	1235	+	blaADC-30	extended-spectrum class C beta-lactamase ADC-30	core	AMR	AMR	BETA-LACTAM	CEPHALOSPORIN	ALLELEX	383	383	100.0	100.0	383	WP_001211218.1	extended-spectrum class C beta-lactamase ADC-30			470.7532
	accn|470.7533.con.0009	34710	35495	-	ant(3'')-IIa	aminoglycoside nucleotidyltransferase ANT(3'')-IIa	core	AMR	AMR	AMINOGLYCOSIDE	SPECTINOMYCIN/STREPTOMYCIN	BLASTX	262	262	100.0	99.24	262	WP_001112624.1	aminoglycoside nucleotidyltransferase ANT(3'')-IIa			470.7533
	accn|470.7533.con.0010	65135	65956	-	blaOXA-104	OXA-51 family carbapenem-hydrolyzing class D beta-lactamase OXA-104	core	AMR	AMR	BETA-LACTAM	CARBAPENEM	ALLELEX	274	274	100.0	100.0	274	WP_024433915.1	OXA-51 family carbapenem-hydrolyzing class D beta-lactamase OXA-104			470.7533
	accn|470.7534.con.0002	565275	566423	+	blaADC-52	extended-spectrum class C beta-lactamase ADC-52	core	AMR	AMR	BETA-LACTAM	CEPHALOSPORIN	ALLELEX	383	383	100.0	100.0	383	WP_001211232.1	extended-spectrum class C beta-lactamase ADC-52			470.7534
	accn|470.7534.con.0007	133921	134706	+	ant(3'')-IIa	aminoglycoside nucleotidyltransferase ANT(3'')-IIa	core	AMR	AMR	AMINOGLYCOSIDE	SPECTINOMYCIN/STREPTOMYCIN	BLASTX	262	262	100.0	99.24	262	WP_001112624.1	aminoglycoside nucleotidyltransferase ANT(3'')-IIa			470.7534
	accn|470.7535.con.0010	199	1347	+	blaADC-79	extended-spectrum class C beta-lactamase ADC-79	core	AMR	AMR	BETA-LACTAM	CEPHALOSPORIN	ALLELEX	383	383	100.0	100.0	383	WP_001159760.1	extended-spectrum class C beta-lactamase ADC-79			470.7535
	accn|470.7535.con.0029	10272	11093	-	blaOXA-69	OXA-51 family carbapenem-hydrolyzing class D beta-lactamase OXA-69	core	AMR	AMR	BETA-LACTAM	CARBAPENEM	ALLELEX	274	274	100.0	100.0	274	WP_001021779.1	OXA-51 family carbapenem-hydrolyzing class D beta-lactamase OXA-69			470.7535
	accn|470.7535.con.0046	2371	2901	+	ant(2'')-Ia	aminoglycoside nucleotidyltransferase ANT(2'')-Ia	core	AMR	AMR	AMINOGLYCOSIDE	GENTAMICIN/KANAMYCIN/TOBRAMYCIN	BLASTX	177	177	100.0	98.31	177	WP_000381803.1	aminoglycoside nucleotidyltransferase ANT(2'')-Ia			470.7535
	accn|470.7536.con.0004	312579	313727	-	blaADC-11	extended-spectrum class C beta-lactamase ADC-11	core	AMR	AMR	BETA-LACTAM	CEPHALOSPORIN	ALLELEX	383	383	100.0	100.0	383	WP_001211205.1	extended-spectrum class C beta-lactamase ADC-11			470.7536
	accn|470.7536.con.0018	6988	8184	+	tet(A)	tetracycline efflux MFS transporter Tet(A)	core	AMR	AMR	TETRACYCLINE	TETRACYCLINE	EXACTX	399	399	100.0	100.0	399	WP_000804064.1	tetracycline efflux MFS transporter Tet(A)			470.7536
	accn|470.7536.con.0018	12036	12692	-	catA1	type A-1 chloramphenicol O-acetyltransferase	core	AMR	AMR	PHENICOL	CHLORAMPHENICOL	EXACTX	219	219	100.0	100.0	219	WP_000412211.1	type A-1 chloramphenicol O-acetyltransferase			470.7536
	accn|470.7536.con.0018	17588	18445	+	blaTEM-1	broad-spectrum class A beta-lactamase TEM-1	core	AMR	AMR	BETA-LACTAM	BETA-LACTAM	ALLELEX	286	286	100.0	100.0	286	WP_000027057.1	broad-spectrum class A beta-lactamase TEM-1			470.7536
	accn|470.7536.con.0035	60	896	+	sul1	sulfonamide-resistant dihydropteroate synthase Sul1	core	AMR	AMR	SULFONAMIDE	SULFONAMIDE	EXACTX	279	279	100.0	100.0	279	WP_000259031.1	sulfonamide-resistant dihydropteroate synthase Sul1			470.7536
	accn|470.7537.con.0010	105261	106097	-	sul1	sulfonamide-resistant dihydropteroate synthase Sul1	core	AMR	AMR	SULFONAMIDE	SULFONAMIDE	EXACTX	279	279	100.0	100.0	279	WP_000259031.1	sulfonamide-resistant dihydropteroate synthase Sul1			470.7537
	accn|470.7537.con.0010	106094	106438	-	qacEdelta1	quaternary ammonium compound efflux SMR transporter QacE delta 1	core	STRESS	BIOCIDE	QUATERNARY AMMONIUM	QUATERNARY AMMONIUM	ALLELEX	115	115	100.0	100.0	115	WP_000679427.1	quaternary ammonium compound efflux SMR transporter QacE delta 1			470.7537
	accn|470.7537.con.0010	106598	107128	-	ant(2'')-Ia	aminoglycoside nucleotidyltransferase ANT(2'')-Ia	core	AMR	AMR	AMINOGLYCOSIDE	GENTAMICIN/KANAMYCIN/TOBRAMYCIN	EXACTX	177	177	100.0	100.0	177	WP_000381803.1	aminoglycoside nucleotidyltransferase ANT(2'')-Ia			470.7537
	accn|470.7537.con.0010	114559	115755	+	tet(A)	tetracycline efflux MFS transporter Tet(A)	core	AMR	AMR	TETRACYCLINE	TETRACYCLINE	BLASTX	399	399	100.0	99.75	399	WP_063855982.1	tetracycline efflux MFS transporter Tet(A)			470.7537
	accn|470.7537.con.0010	136688	137473	+	ant(3'')-IIa	aminoglycoside nucleotidyltransferase ANT(3'')-IIa	core	AMR	AMR	AMINOGLYCOSIDE	SPECTINOMYCIN/STREPTOMYCIN	BLASTX	262	262	100.0	98.47	262	WP_001112624.1	aminoglycoside nucleotidyltransferase ANT(3'')-IIa			470.7537
	accn|470.7538.con.0006	128940	129725	+	ant(3'')-IIa	aminoglycoside nucleotidyltransferase ANT(3'')-IIa	core	AMR	AMR	AMINOGLYCOSIDE	SPECTINOMYCIN/STREPTOMYCIN	EXACTX	262	262	100.0	100.0	262	WP_001279062.1	aminoglycoside nucleotidyltransferase ANT(3'')-IIa			470.7538
	accn|470.7538.con.0032	10322	11143	-	blaOXA-69	OXA-51 family carbapenem-hydrolyzing class D beta-lactamase OXA-69	core	AMR	AMR	BETA-LACTAM	CARBAPENEM	ALLELEX	274	274	100.0	100.0	274	WP_001021779.1	OXA-51 family carbapenem-hydrolyzing class D beta-lactamase OXA-69			470.7538
	accn|470.7538.con.0041	147	959	+	sul2	sulfonamide-resistant dihydropteroate synthase Sul2	core	AMR	AMR	SULFONAMIDE	SULFONAMIDE	EXACTX	271	271	100.0	100.0	271	WP_001043260.1	sulfonamide-resistant dihydropteroate synthase Sul2			470.7538
	accn|470.7539.con.0006	577	1725	+	blaADC-79	extended-spectrum class C beta-lactamase ADC-79	core	AMR	AMR	BETA-LACTAM	CEPHALOSPORIN	ALLELEX	383	383	100.0	100.0	383	WP_001159760.1	extended-spectrum class C beta-lactamase ADC-79			470.7539
	accn|470.7539.con.0010	105311	106147	-	sul1	sulfonamide-resistant dihydropteroate synthase Sul1	core	AMR	AMR	SULFONAMIDE	SULFONAMIDE	EXACTX	279	279	100.0	100.0	279	WP_000259031.1	sulfonamide-resistant dihydropteroate synthase Sul1			470.7539
	accn|470.7539.con.0010	106144	106488	-	qacEdelta1	quaternary ammonium compound efflux SMR transporter QacE delta 1	core	STRESS	BIOCIDE	QUATERNARY AMMONIUM	QUATERNARY AMMONIUM	ALLELEX	115	115	100.0	100.0	115	WP_000679427.1	quaternary ammonium compound efflux SMR transporter QacE delta 1			470.7539
	accn|470.7539.con.0010	106648	107178	-	ant(2'')-Ia	aminoglycoside nucleotidyltransferase ANT(2'')-Ia	core	AMR	AMR	AMINOGLYCOSIDE	GENTAMICIN/KANAMYCIN/TOBRAMYCIN	EXACTX	177	177	100.0	100.0	177	WP_000381803.1	aminoglycoside nucleotidyltransferase ANT(2'')-Ia			470.7539
	accn|470.7539.con.0010	114609	115805	+	tet(A)	tetracycline efflux MFS transporter Tet(A)	core	AMR	AMR	TETRACYCLINE	TETRACYCLINE	BLASTX	399	399	100.0	99.75	399	WP_063855982.1	tetracycline efflux MFS transporter Tet(A)			470.7539
	accn|470.7539.con.0010	136738	137523	+	ant(3'')-IIa	aminoglycoside nucleotidyltransferase ANT(3'')-IIa	core	AMR	AMR	AMINOGLYCOSIDE	SPECTINOMYCIN/STREPTOMYCIN	BLASTX	262	262	100.0	98.47	262	WP_001112624.1	aminoglycoside nucleotidyltransferase ANT(3'')-IIa			470.7539
	accn|JWYF01000076	6491	7312	-	blaOXA-82	OXA-51 family carbapenem-hydrolyzing class D beta-lactamase OXA-82	core	AMR	AMR	BETA-LACTAM	CARBAPENEM	ALLELEX	274	274	100.0	100.0	274	WP_001021793.1	OXA-51 family carbapenem-hydrolyzing class D beta-lactamase OXA-82			470.753
	accn|470.7541.con.0049	1	438	+	aadA1	ANT(3'')-Ia family aminoglycoside nucleotidyltransferase AadA1	core	AMR	AMR	AMINOGLYCOSIDE	STREPTOMYCIN	PARTIAL_CONTIG_ENDX	146	263	55.51	100.0	146	WP_001206316.1	ANT(3'')-Ia family aminoglycoside nucleotidyltransferase AadA1			470.7541
	accn|470.7541.con.0049	605	949	+	qacEdelta1	quaternary ammonium compound efflux SMR transporter QacE delta 1	core	STRESS	BIOCIDE	QUATERNARY AMMONIUM	QUATERNARY AMMONIUM	ALLELEX	115	115	100.0	100.0	115	WP_000679427.1	quaternary ammonium compound efflux SMR transporter QacE delta 1			470.7541
	accn|470.7541.con.0049	946	1782	+	sul1	sulfonamide-resistant dihydropteroate synthase Sul1	core	AMR	AMR	SULFONAMIDE	SULFONAMIDE	EXACTX	279	279	100.0	100.0	279	WP_000259031.1	sulfonamide-resistant dihydropteroate synthase Sul1			470.7541
	accn|470.7541.con.0050	99	956	-	blaTEM-1	broad-spectrum class A beta-lactamase TEM-1	core	AMR	AMR	BETA-LACTAM	BETA-LACTAM	ALLELEX	286	286	100.0	100.0	286	WP_000027057.1	broad-spectrum class A beta-lactamase TEM-1			470.7541
	accn|470.7541.con.0053	91	552	+	aac(3)-Ia	aminoglycoside N-acetyltransferase AAC(3)-Ia	core	AMR	AMR	AMINOGLYCOSIDE	GENTAMICIN	EXACTX	154	154	100.0	100.0	154	WP_002089484.1	aminoglycoside N-acetyltransferase AAC(3)-Ia			470.7541
	accn|470.7541.con.0053	1599	2024	+	aadA1	ANT(3'')-Ia family aminoglycoside nucleotidyltransferase AadA1	core	AMR	AMR	AMINOGLYCOSIDE	STREPTOMYCIN	PARTIAL_CONTIG_ENDX	142	262	54.2	100.0	142	WP_001206315.1	ANT(3'')-Ia family aminoglycoside nucleotidyltransferase AadA1			470.7541
	accn|470.7541.con.0056	452	1264	-	aph(3')-Ia	aminoglycoside O-phosphotransferase APH(3')-Ia	core	AMR	AMR	AMINOGLYCOSIDE	KANAMYCIN	EXACTX	271	271	100.0	100.0	271	WP_000018326.1	aminoglycoside O-phosphotransferase APH(3')-Ia			470.7541
	accn|470.7542.con.0002	342956	344104	+	blaADC	ADC family extended-spectrum class C beta-lactamase	core	AMR	AMR	BETA-LACTAM	CEPHALOSPORIN	BLASTX	383	383	100.0	99.48	383	WP_032058136.1	extended-spectrum class C beta-lactamase ADC-373			470.7542
	accn|470.7542.con.0009	34714	35499	-	ant(3'')-IIa	aminoglycoside nucleotidyltransferase ANT(3'')-IIa	core	AMR	AMR	AMINOGLYCOSIDE	SPECTINOMYCIN/STREPTOMYCIN	BLASTX	262	262	100.0	98.47	262	WP_001112624.1	aminoglycoside nucleotidyltransferase ANT(3'')-IIa			470.7542
	accn|470.7543.con.0050	1	438	+	aadA1	ANT(3'')-Ia family aminoglycoside nucleotidyltransferase AadA1	core	AMR	AMR	AMINOGLYCOSIDE	STREPTOMYCIN	PARTIAL_CONTIG_ENDX	146	263	55.51	100.0	146	WP_001206316.1	ANT(3'')-Ia family aminoglycoside nucleotidyltransferase AadA1			470.7543
	accn|470.7543.con.0050	605	949	+	qacEdelta1	quaternary ammonium compound efflux SMR transporter QacE delta 1	core	STRESS	BIOCIDE	QUATERNARY AMMONIUM	QUATERNARY AMMONIUM	ALLELEX	115	115	100.0	100.0	115	WP_000679427.1	quaternary ammonium compound efflux SMR transporter QacE delta 1			470.7543
	accn|470.7543.con.0050	946	1782	+	sul1	sulfonamide-resistant dihydropteroate synthase Sul1	core	AMR	AMR	SULFONAMIDE	SULFONAMIDE	EXACTX	279	279	100.0	100.0	279	WP_000259031.1	sulfonamide-resistant dihydropteroate synthase Sul1			470.7543
	accn|470.7543.con.0052	3	428	-	aadA1	ANT(3'')-Ia family aminoglycoside nucleotidyltransferase AadA1	core	AMR	AMR	AMINOGLYCOSIDE	STREPTOMYCIN	PARTIAL_CONTIG_ENDX	142	262	54.2	100.0	142	WP_001206315.1	ANT(3'')-Ia family aminoglycoside nucleotidyltransferase AadA1			470.7543
	accn|470.7543.con.0052	1475	1936	-	aac(3)-Ia	aminoglycoside N-acetyltransferase AAC(3)-Ia	core	AMR	AMR	AMINOGLYCOSIDE	GENTAMICIN	EXACTX	154	154	100.0	100.0	154	WP_002089484.1	aminoglycoside N-acetyltransferase AAC(3)-Ia			470.7543
	accn|470.7543.con.0054	452	1264	-	aph(3')-Ia	aminoglycoside O-phosphotransferase APH(3')-Ia	core	AMR	AMR	AMINOGLYCOSIDE	KANAMYCIN	EXACTX	271	271	100.0	100.0	271	WP_000018326.1	aminoglycoside O-phosphotransferase APH(3')-Ia			470.7543
	accn|470.7544.con.0053	1487	2344	+	blaTEM-1	broad-spectrum class A beta-lactamase TEM-1	core	AMR	AMR	BETA-LACTAM	BETA-LACTAM	ALLELEX	286	286	100.0	100.0	286	WP_000027057.1	broad-spectrum class A beta-lactamase TEM-1			470.7544
	accn|470.7544.con.0054	3	428	-	aadA1	ANT(3'')-Ia family aminoglycoside nucleotidyltransferase AadA1	core	AMR	AMR	AMINOGLYCOSIDE	STREPTOMYCIN	PARTIAL_CONTIG_ENDX	142	262	54.2	100.0	142	WP_001206315.1	ANT(3'')-Ia family aminoglycoside nucleotidyltransferase AadA1			470.7544
	accn|470.7544.con.0054	1475	1936	-	aac(3)-Ia	aminoglycoside N-acetyltransferase AAC(3)-Ia	core	AMR	AMR	AMINOGLYCOSIDE	GENTAMICIN	EXACTX	154	154	100.0	100.0	154	WP_002089484.1	aminoglycoside N-acetyltransferase AAC(3)-Ia			470.7544
	accn|470.7544.con.0059	143	955	+	aph(3')-Ia	aminoglycoside O-phosphotransferase APH(3')-Ia	core	AMR	AMR	AMINOGLYCOSIDE	KANAMYCIN	EXACTX	271	271	100.0	100.0	271	WP_000018326.1	aminoglycoside O-phosphotransferase APH(3')-Ia			470.7544
	accn|470.7545.con.0009	65970	66791	-	blaOXA-68	OXA-51 family carbapenem-hydrolyzing class D beta-lactamase OXA-68	core	AMR	AMR	BETA-LACTAM	CARBAPENEM	ALLELEX	274	274	100.0	100.0	274	WP_001021775.1	OXA-51 family carbapenem-hydrolyzing class D beta-lactamase OXA-68			470.7545
	accn|470.7545.con.0043	5521	6051	+	ant(2'')-Ia	aminoglycoside nucleotidyltransferase ANT(2'')-Ia	core	AMR	AMR	AMINOGLYCOSIDE	GENTAMICIN/KANAMYCIN/TOBRAMYCIN	BLASTX	177	177	100.0	98.31	177	WP_000381803.1	aminoglycoside nucleotidyltransferase ANT(2'')-Ia			470.7545
	accn|470.7545.con.0050	1	597	+	aph(3'')-Ib	aminoglycoside O-phosphotransferase APH(3'')-Ib	core	AMR	AMR	AMINOGLYCOSIDE	STREPTOMYCIN	PARTIAL_CONTIG_ENDX	199	267	74.53	100.0	199	WP_001082319.1	aminoglycoside O-phosphotransferase APH(3'')-Ib			470.7545
	accn|470.7545.con.0050	600	1433	+	aph(6)-Id	aminoglycoside O-phosphotransferase APH(6)-Id	core	AMR	AMR	AMINOGLYCOSIDE	STREPTOMYCIN	EXACTX	278	278	100.0	100.0	278	WP_000480968.1	aminoglycoside O-phosphotransferase APH(6)-Id			470.7545
	accn|470.7546.con.0004	216357	217178	+	blaOXA-94	OXA-51 family carbapenem-hydrolyzing class D beta-lactamase OXA-94	core	AMR	AMR	BETA-LACTAM	CARBAPENEM	ALLELEX	274	274	100.0	100.0	274	WP_029424390.1	OXA-51 family carbapenem-hydrolyzing class D beta-lactamase OXA-94			470.7546
	accn|470.7546.con.0006	18285	19433	+	blaADC-80	extended-spectrum class C beta-lactamase ADC-80	core	AMR	AMR	BETA-LACTAM	CEPHALOSPORIN	ALLELEX	383	383	100.0	100.0	383	WP_029424536.1	extended-spectrum class C beta-lactamase ADC-80			470.7546
	accn|470.7547.con.0024	22966	23751	+	ant(3'')-IIa	aminoglycoside nucleotidyltransferase ANT(3'')-IIa	core	AMR	AMR	AMINOGLYCOSIDE	SPECTINOMYCIN/STREPTOMYCIN	BLASTX	262	262	100.0	99.24	262	WP_001279062.1	aminoglycoside nucleotidyltransferase ANT(3'')-IIa			470.7547
	accn|470.7548.con.0023	35427	36212	-	ant(3'')-IIa	aminoglycoside nucleotidyltransferase ANT(3'')-IIa	core	AMR	AMR	AMINOGLYCOSIDE	SPECTINOMYCIN/STREPTOMYCIN	BLASTX	262	262	100.0	98.85	262	WP_001279062.1	aminoglycoside nucleotidyltransferase ANT(3'')-IIa			470.7548
	accn|470.7548.con.0052	1	438	+	aadA1	ANT(3'')-Ia family aminoglycoside nucleotidyltransferase AadA1	core	AMR	AMR	AMINOGLYCOSIDE	STREPTOMYCIN	PARTIAL_CONTIG_ENDX	146	263	55.51	100.0	146	WP_001206316.1	ANT(3'')-Ia family aminoglycoside nucleotidyltransferase AadA1			470.7548
	accn|470.7548.con.0052	605	949	+	qacEdelta1	quaternary ammonium compound efflux SMR transporter QacE delta 1	core	STRESS	BIOCIDE	QUATERNARY AMMONIUM	QUATERNARY AMMONIUM	ALLELEX	115	115	100.0	100.0	115	WP_000679427.1	quaternary ammonium compound efflux SMR transporter QacE delta 1			470.7548
	accn|470.7548.con.0052	946	1782	+	sul1	sulfonamide-resistant dihydropteroate synthase Sul1	core	AMR	AMR	SULFONAMIDE	SULFONAMIDE	EXACTX	279	279	100.0	100.0	279	WP_000259031.1	sulfonamide-resistant dihydropteroate synthase Sul1			470.7548
	accn|470.7549.con.0040	220	996	+	aph(3')-VIa	aminoglycoside O-phosphotransferase APH(3')-VIa	core	AMR	AMR	AMINOGLYCOSIDE	AMIKACIN/KANAMYCIN	EXACTX	259	259	100.0	100.0	259	WP_000422636.1	aminoglycoside O-phosphotransferase APH(3')-VIa			470.7549
	accn|JWYG01000004	59254	60054	+	aph(3'')-Ib	aminoglycoside O-phosphotransferase APH(3'')-Ib	core	AMR	AMR	AMINOGLYCOSIDE	STREPTOMYCIN	EXACTX	267	267	100.0	100.0	267	WP_001082319.1	aminoglycoside O-phosphotransferase APH(3'')-Ib			470.754
	accn|JWYG01000004	60057	60890	+	aph(6)-Id	aminoglycoside O-phosphotransferase APH(6)-Id	core	AMR	AMR	AMINOGLYCOSIDE	STREPTOMYCIN	EXACTX	278	278	100.0	100.0	278	WP_000480968.1	aminoglycoside O-phosphotransferase APH(6)-Id			470.754
	accn|JWYG01000004	64266	65465	+	tet(B)	tetracycline efflux MFS transporter Tet(B)	core	AMR	AMR	TETRACYCLINE	TETRACYCLINE	BLASTX	400	401	99.75	100.0	400	WP_001089072.1	tetracycline efflux MFS transporter Tet(B)			470.754
	accn|JWYG01000042	1033	1584	+	aac(6')-Ib'	aminoglycoside N-acetyltransferase AAC(6')-Ib'	core	AMR	AMR	AMINOGLYCOSIDE	GENTAMICIN	EXACTX	184	184	100.0	100.0	184	WP_014454105.1	aminoglycoside N-acetyltransferase AAC(6')-Ib'			470.754
	accn|JWYG01000042	1680	2309	+	catB8	type B-3 chloramphenicol O-acetyltransferase CatB8	core	AMR	AMR	PHENICOL	CHLORAMPHENICOL	EXACTX	210	210	100.0	100.0	210	WP_002075262.1	type B-3 chloramphenicol O-acetyltransferase CatB8			470.754
	accn|JWYG01000042	2370	3158	+	aadA1	ANT(3'')-Ia family aminoglycoside nucleotidyltransferase AadA1	core	AMR	AMR	AMINOGLYCOSIDE	STREPTOMYCIN	EXACTX	263	263	100.0	100.0	263	WP_001206316.1	ANT(3'')-Ia family aminoglycoside nucleotidyltransferase AadA1			470.754
	accn|JWYG01000042	3325	3669	+	qacEdelta1	quaternary ammonium compound efflux SMR transporter QacE delta 1	core	STRESS	BIOCIDE	QUATERNARY AMMONIUM	QUATERNARY AMMONIUM	ALLELEX	115	115	100.0	100.0	115	WP_000679427.1	quaternary ammonium compound efflux SMR transporter QacE delta 1			470.754
	accn|JWYG01000042	3666	4502	+	sul1	sulfonamide-resistant dihydropteroate synthase Sul1	core	AMR	AMR	SULFONAMIDE	SULFONAMIDE	EXACTX	279	279	100.0	100.0	279	WP_000259031.1	sulfonamide-resistant dihydropteroate synthase Sul1			470.754
	accn|JWYG01000042	7851	8621	+	armA	16S rRNA (guanine(1405)-N(7))-methyltransferase ArmA	core	AMR	AMR	AMINOGLYCOSIDE	GENTAMICIN	EXACTX	257	257	100.0	100.0	257	WP_000359986.1	16S rRNA (guanine(1405)-N(7))-methyltransferase ArmA			470.754
	accn|JWYG01000042	10923	12395	+	msr(E)	ABC-F type ribosomal protection protein Msr(E)	core	AMR	AMR	MACROLIDE/STREPTOGRAMIN	AZITHROMYCIN/ERYTHROMYCIN/STREPTOGRAMIN	EXACTX	491	491	100.0	100.0	491	WP_000052512.1	ABC-F type ribosomal protection protein Msr(E)			470.754
	accn|JWYG01000042	12454	13335	+	mph(E)	Mph(E) family macrolide 2'-phosphotransferase	core	AMR	AMR	MACROLIDE	ERYTHROMYCIN	EXACTX	294	294	100.0	100.0	294	WP_000155092.1	Mph(E) family macrolide 2'-phosphotransferase			470.754
	accn|470.7551.con.0001	258319	259140	+	blaOXA-69	OXA-51 family carbapenem-hydrolyzing class D beta-lactamase OXA-69	core	AMR	AMR	BETA-LACTAM	CARBAPENEM	ALLELEX	274	274	100.0	100.0	274	WP_001021779.1	OXA-51 family carbapenem-hydrolyzing class D beta-lactamase OXA-69			470.7551
	accn|470.7551.con.0010	52612	53397	+	ant(3'')-IIa	aminoglycoside nucleotidyltransferase ANT(3'')-IIa	core	AMR	AMR	AMINOGLYCOSIDE	SPECTINOMYCIN/STREPTOMYCIN	EXACTX	262	262	100.0	100.0	262	WP_001279062.1	aminoglycoside nucleotidyltransferase ANT(3'')-IIa			470.7551
	accn|470.7552.con.0001	583500	584648	+	blaADC-80	extended-spectrum class C beta-lactamase ADC-80	core	AMR	AMR	BETA-LACTAM	CEPHALOSPORIN	ALLELEX	383	383	100.0	100.0	383	WP_029424536.1	extended-spectrum class C beta-lactamase ADC-80			470.7552
	accn|470.7553.con.0001	397996	398817	-	blaOXA-90	OXA-51 family carbapenem-hydrolyzing class D beta-lactamase OXA-90	core	AMR	AMR	BETA-LACTAM	CARBAPENEM	ALLELEX	274	274	100.0	100.0	274	WP_001021781.1	OXA-51 family carbapenem-hydrolyzing class D beta-lactamase OXA-90			470.7553
	accn|470.7553.con.0003	222226	222630	+	fos	fosfomycin resistance glutathione transferase FosLL	core	AMR	AMR	FOSFOMYCIN	FOSFOMYCIN	EXACTX	135	135	100.0	100.0	135	WP_000777201.1	fosfomycin resistance glutathione transferase FosLL			470.7553
	accn|470.7553.con.0030	453	1265	-	aph(3')-Ia	aminoglycoside O-phosphotransferase APH(3')-Ia	core	AMR	AMR	AMINOGLYCOSIDE	KANAMYCIN	EXACTX	271	271	100.0	100.0	271	WP_000018326.1	aminoglycoside O-phosphotransferase APH(3')-Ia			470.7553
	accn|470.7554.con.0001	139740	140888	+	blaADC-76	extended-spectrum class C beta-lactamase ADC-76	core	AMR	AMR	BETA-LACTAM	CEPHALOSPORIN	ALLELEX	383	383	100.0	100.0	383	WP_001211237.1	extended-spectrum class C beta-lactamase ADC-76			470.7554
	accn|470.7554.con.0025	34329	35114	+	ant(3'')-IIa	aminoglycoside nucleotidyltransferase ANT(3'')-IIa	core	AMR	AMR	AMINOGLYCOSIDE	SPECTINOMYCIN/STREPTOMYCIN	BLASTX	262	262	100.0	98.85	262	WP_001279062.1	aminoglycoside nucleotidyltransferase ANT(3'')-IIa			470.7554
	accn|470.7554.con.0042	867	1397	+	ant(2'')-Ia	aminoglycoside nucleotidyltransferase ANT(2'')-Ia	core	AMR	AMR	AMINOGLYCOSIDE	GENTAMICIN/KANAMYCIN/TOBRAMYCIN	BLASTX	177	177	100.0	98.31	177	WP_000381803.1	aminoglycoside nucleotidyltransferase ANT(2'')-Ia			470.7554
	accn|470.7554.con.0044	4697	5473	+	aph(3')-VIa	aminoglycoside O-phosphotransferase APH(3')-VIa	core	AMR	AMR	AMINOGLYCOSIDE	AMIKACIN/KANAMYCIN	BLASTX	259	259	100.0	99.23	259	WP_000422636.1	aminoglycoside O-phosphotransferase APH(3')-VIa			470.7554
	accn|470.7555.con.0033	1593	2411	-	blaOXA-23	OXA-23 family carbapenem-hydrolyzing class D beta-lactamase OXA-23	core	AMR	AMR	BETA-LACTAM	CARBAPENEM	ALLELEX	273	273	100.0	100.0	273	WP_001046004.1	OXA-23 family carbapenem-hydrolyzing class D beta-lactamase OXA-23			470.7555
	accn|470.7556.con.0001	543943	545091	+	blaADC-88	extended-spectrum class C beta-lactamase ADC-88	core	AMR	AMR	BETA-LACTAM	CEPHALOSPORIN	ALLELEX	383	383	100.0	100.0	383	WP_001211221.1	extended-spectrum class C beta-lactamase ADC-88			470.7556
	accn|470.7556.con.0003	312911	313732	-	blaOXA-317	OXA-51 family carbapenem-hydrolyzing class D beta-lactamase OXA-317	core	AMR	AMR	BETA-LACTAM	CARBAPENEM	ALLELEX	274	274	100.0	100.0	274	WP_001021778.1	OXA-51 family carbapenem-hydrolyzing class D beta-lactamase OXA-317			470.7556
	accn|470.7556.con.0007	127984	128769	+	ant(3'')-IIa	aminoglycoside nucleotidyltransferase ANT(3'')-IIa	core	AMR	AMR	AMINOGLYCOSIDE	SPECTINOMYCIN/STREPTOMYCIN	BLASTX	262	262	100.0	98.47	262	WP_001279073.1	aminoglycoside nucleotidyltransferase ANT(3'')-IIa			470.7556
	accn|470.7556.con.0008	147	959	+	sul2	sulfonamide-resistant dihydropteroate synthase Sul2	core	AMR	AMR	SULFONAMIDE	SULFONAMIDE	EXACTX	271	271	100.0	100.0	271	WP_001043260.1	sulfonamide-resistant dihydropteroate synthase Sul2			470.7556
	accn|470.7556.con.0008	3578	4411	-	aph(6)-Id	aminoglycoside O-phosphotransferase APH(6)-Id	core	AMR	AMR	AMINOGLYCOSIDE	STREPTOMYCIN	EXACTX	278	278	100.0	100.0	278	WP_000480968.1	aminoglycoside O-phosphotransferase APH(6)-Id			470.7556
	accn|470.7556.con.0008	4414	5214	-	aph(3'')-Ib	aminoglycoside O-phosphotransferase APH(3'')-Ib	core	AMR	AMR	AMINOGLYCOSIDE	STREPTOMYCIN	EXACTX	267	267	100.0	100.0	267	WP_001082319.1	aminoglycoside O-phosphotransferase APH(3'')-Ib			470.7556
	accn|470.7556.con.0019	7345	8529	+	tet(39)	tetracycline efflux MFS transporter Tet(39)	core	AMR	AMR	TETRACYCLINE	TETRACYCLINE	EXACTX	395	395	100.0	100.0	395	WP_004856455.1	tetracycline efflux MFS transporter Tet(39)			470.7556
	accn|470.7556.con.0022	1858	2634	-	aph(3')-VIa	aminoglycoside O-phosphotransferase APH(3')-VIa	core	AMR	AMR	AMINOGLYCOSIDE	AMIKACIN/KANAMYCIN	BLASTX	259	259	100.0	99.23	259	WP_000422636.1	aminoglycoside O-phosphotransferase APH(3')-VIa			470.7556
	accn|470.7557.con.0001	795046	795867	+	blaOXA-69	OXA-51 family carbapenem-hydrolyzing class D beta-lactamase OXA-69	core	AMR	AMR	BETA-LACTAM	CARBAPENEM	ALLELEX	274	274	100.0	100.0	274	WP_001021779.1	OXA-51 family carbapenem-hydrolyzing class D beta-lactamase OXA-69			470.7557
	accn|470.7557.con.0002	348870	350018	-	blaADC-11	extended-spectrum class C beta-lactamase ADC-11	core	AMR	AMR	BETA-LACTAM	CEPHALOSPORIN	ALLELEX	383	383	100.0	100.0	383	WP_001211205.1	extended-spectrum class C beta-lactamase ADC-11			470.7557
	accn|470.7557.con.0006	123589	124374	+	ant(3'')-IIa	aminoglycoside nucleotidyltransferase ANT(3'')-IIa	core	AMR	AMR	AMINOGLYCOSIDE	SPECTINOMYCIN/STREPTOMYCIN	EXACTX	262	262	100.0	100.0	262	WP_001279062.1	aminoglycoside nucleotidyltransferase ANT(3'')-IIa			470.7557
	accn|470.7558.con.0001	206362	207183	-	blaOXA-68	OXA-51 family carbapenem-hydrolyzing class D beta-lactamase OXA-68	core	AMR	AMR	BETA-LACTAM	CARBAPENEM	ALLELEX	274	274	100.0	100.0	274	WP_001021775.1	OXA-51 family carbapenem-hydrolyzing class D beta-lactamase OXA-68			470.7558
	accn|470.7558.con.0001	1151737	1152885	+	blaADC-76	extended-spectrum class C beta-lactamase ADC-76	core	AMR	AMR	BETA-LACTAM	CEPHALOSPORIN	ALLELEX	383	383	100.0	100.0	383	WP_001211237.1	extended-spectrum class C beta-lactamase ADC-76			470.7558
	accn|470.7558.con.0013	36094	36879	-	ant(3'')-IIa	aminoglycoside nucleotidyltransferase ANT(3'')-IIa	core	AMR	AMR	AMINOGLYCOSIDE	SPECTINOMYCIN/STREPTOMYCIN	BLASTX	262	262	100.0	98.85	262	WP_001279062.1	aminoglycoside nucleotidyltransferase ANT(3'')-IIa			470.7558
	accn|470.7558.con.0022	970	2154	-	tet(39)	tetracycline efflux MFS transporter Tet(39)	core	AMR	AMR	TETRACYCLINE	TETRACYCLINE	BLASTX	395	395	100.0	99.75	395	WP_004856455.1	tetracycline efflux MFS transporter Tet(39)			470.7558
	accn|470.7559.con.0001	379332	380153	+	blaOXA-51	OXA-51 family carbapenem-hydrolyzing class D beta-lactamase OXA-51	core	AMR	AMR	BETA-LACTAM	CARBAPENEM	ALLELEX	274	274	100.0	100.0	274	WP_002033109.1	OXA-51 family carbapenem-hydrolyzing class D beta-lactamase OXA-51			470.7559
	accn|470.7559.con.0004	389515	390663	-	blaADC-87	extended-spectrum class C beta-lactamase ADC-87	core	AMR	AMR	BETA-LACTAM	CEPHALOSPORIN	ALLELEX	383	383	100.0	100.0	383	WP_068981619.1	extended-spectrum class C beta-lactamase ADC-87			470.7559
	accn|470.7559.con.0007	129073	129858	+	ant(3'')-IIa	aminoglycoside nucleotidyltransferase ANT(3'')-IIa	core	AMR	AMR	AMINOGLYCOSIDE	SPECTINOMYCIN/STREPTOMYCIN	BLASTX	262	262	100.0	98.85	262	WP_001279062.1	aminoglycoside nucleotidyltransferase ANT(3'')-IIa			470.7559
	accn|JWYH01000018	65269	66090	-	blaOXA-66	OXA-51 family carbapenem-hydrolyzing class D beta-lactamase OXA-66	core	AMR	AMR	BETA-LACTAM	CARBAPENEM	ALLELEX	274	274	100.0	100.0	274	WP_001021792.1	OXA-51 family carbapenem-hydrolyzing class D beta-lactamase OXA-66			470.755
	accn|JWYH01000068	109	1257	+	blaADC-162	extended-spectrum class C beta-lactamase ADC-162	core	AMR	AMR	BETA-LACTAM	CEPHALOSPORIN	ALLELEX	383	383	100.0	100.0	383	WP_031980335.1	extended-spectrum class C beta-lactamase ADC-162			470.755
	accn|470.7561.con.0020	135	1283	+	blaADC-240	extended-spectrum class C beta-lactamase ADC-240	core	AMR	AMR	BETA-LACTAM	CEPHALOSPORIN	ALLELEX	383	383	100.0	100.0	383	WP_001211207.1	extended-spectrum class C beta-lactamase ADC-240			470.7561
	accn|470.7561.con.0041	6759	7571	-	sul2	sulfonamide-resistant dihydropteroate synthase Sul2	core	AMR	AMR	SULFONAMIDE	SULFONAMIDE	EXACTX	271	271	100.0	100.0	271	WP_001043260.1	sulfonamide-resistant dihydropteroate synthase Sul2			470.7561
	accn|470.7561.con.0045	5702	6205	-	ant(2'')-Ia	aminoglycoside nucleotidyltransferase ANT(2'')-Ia	core	AMR	AMR	AMINOGLYCOSIDE	GENTAMICIN/KANAMYCIN/TOBRAMYCIN	BLASTX	168	177	94.92	98.81	168	WP_000381803.1	aminoglycoside nucleotidyltransferase ANT(2'')-Ia			470.7561
	accn|470.7564.con.0001	589989	590810	-	blaOXA-69	OXA-51 family carbapenem-hydrolyzing class D beta-lactamase OXA-69	core	AMR	AMR	BETA-LACTAM	CARBAPENEM	ALLELEX	274	274	100.0	100.0	274	WP_001021779.1	OXA-51 family carbapenem-hydrolyzing class D beta-lactamase OXA-69			470.7564
	accn|470.7564.con.0010	123467	124252	+	ant(3'')-IIa	aminoglycoside nucleotidyltransferase ANT(3'')-IIa	core	AMR	AMR	AMINOGLYCOSIDE	SPECTINOMYCIN/STREPTOMYCIN	EXACTX	262	262	100.0	100.0	262	WP_001279062.1	aminoglycoside nucleotidyltransferase ANT(3'')-IIa			470.7564
	accn|470.7564.con.0021	2597	3127	-	ant(2'')-Ia	aminoglycoside nucleotidyltransferase ANT(2'')-Ia	core	AMR	AMR	AMINOGLYCOSIDE	GENTAMICIN/KANAMYCIN/TOBRAMYCIN	BLASTX	177	177	100.0	98.31	177	WP_000381803.1	aminoglycoside nucleotidyltransferase ANT(2'')-Ia			470.7564
	accn|470.7564.con.0031	171	947	+	aph(3')-VIa	aminoglycoside O-phosphotransferase APH(3')-VIa	core	AMR	AMR	AMINOGLYCOSIDE	AMIKACIN/KANAMYCIN	BLASTX	259	259	100.0	99.61	259	WP_000422636.1	aminoglycoside O-phosphotransferase APH(3')-VIa			470.7564
	accn|470.7565.con.0028	19379	20527	+	blaADC-79	extended-spectrum class C beta-lactamase ADC-79	core	AMR	AMR	BETA-LACTAM	CEPHALOSPORIN	ALLELEX	383	383	100.0	100.0	383	WP_001159760.1	extended-spectrum class C beta-lactamase ADC-79			470.7565
	accn|470.7565.con.0045	1000	1857	+	blaTEM-1	broad-spectrum class A beta-lactamase TEM-1	core	AMR	AMR	BETA-LACTAM	BETA-LACTAM	ALLELEX	286	286	100.0	100.0	286	WP_000027057.1	broad-spectrum class A beta-lactamase TEM-1			470.7565
	accn|470.7566.con.0015	6212	7033	-	blaOXA-100	OXA-51 family carbapenem-hydrolyzing class D beta-lactamase OXA-100	core	AMR	AMR	BETA-LACTAM	CARBAPENEM	ALLELEX	274	274	100.0	100.0	274	WP_001021795.1	OXA-51 family carbapenem-hydrolyzing class D beta-lactamase OXA-100			470.7566
	accn|470.7566.con.0031	28943	29728	+	ant(3'')-IIa	aminoglycoside nucleotidyltransferase ANT(3'')-IIa	core	AMR	AMR	AMINOGLYCOSIDE	SPECTINOMYCIN/STREPTOMYCIN	BLASTX	262	262	100.0	99.24	262	WP_001279062.1	aminoglycoside nucleotidyltransferase ANT(3'')-IIa			470.7566
	accn|470.7567.con.0067	5202	5732	+	ant(2'')-Ia	aminoglycoside nucleotidyltransferase ANT(2'')-Ia	core	AMR	AMR	AMINOGLYCOSIDE	GENTAMICIN/KANAMYCIN/TOBRAMYCIN	BLASTX	177	177	100.0	98.31	177	WP_000381803.1	aminoglycoside nucleotidyltransferase ANT(2'')-Ia			470.7567
	accn|470.7567.con.0077	457	1929	+	msr(E)	ABC-F type ribosomal protection protein Msr(E)	core	AMR	AMR	MACROLIDE/STREPTOGRAMIN	AZITHROMYCIN/ERYTHROMYCIN/STREPTOGRAMIN	EXACTX	491	491	100.0	100.0	491	WP_000052512.1	ABC-F type ribosomal protection protein Msr(E)			470.7567
	accn|470.7567.con.0077	1988	2869	+	mph(E)	Mph(E) family macrolide 2'-phosphotransferase	core	AMR	AMR	MACROLIDE	ERYTHROMYCIN	EXACTX	294	294	100.0	100.0	294	WP_000155092.1	Mph(E) family macrolide 2'-phosphotransferase			470.7567
	accn|470.7568.con.0045	807	1337	-	ant(2'')-Ia	aminoglycoside nucleotidyltransferase ANT(2'')-Ia	core	AMR	AMR	AMINOGLYCOSIDE	GENTAMICIN/KANAMYCIN/TOBRAMYCIN	BLASTX	177	177	100.0	98.31	177	WP_000381803.1	aminoglycoside nucleotidyltransferase ANT(2'')-Ia			470.7568
	accn|470.7568.con.0049	1145	2347	+	tet(B)	tetracycline efflux MFS transporter Tet(B)	core	AMR	AMR	TETRACYCLINE	TETRACYCLINE	EXACTX	401	401	100.0	100.0	401	WP_001089068.1	tetracycline efflux MFS transporter Tet(B)			470.7568
	accn|470.7569.con.0045	485	1015	+	ant(2'')-Ia	aminoglycoside nucleotidyltransferase ANT(2'')-Ia	core	AMR	AMR	AMINOGLYCOSIDE	GENTAMICIN/KANAMYCIN/TOBRAMYCIN	BLASTX	177	177	100.0	98.31	177	WP_000381803.1	aminoglycoside nucleotidyltransferase ANT(2'')-Ia			470.7569
	accn|470.7569.con.0046	1761	2963	-	tet(B)	tetracycline efflux MFS transporter Tet(B)	core	AMR	AMR	TETRACYCLINE	TETRACYCLINE	EXACTX	401	401	100.0	100.0	401	WP_001089068.1	tetracycline efflux MFS transporter Tet(B)			470.7569
	accn|470.7569.con.0046	4907	5719	-	aph(3')-Ia	aminoglycoside O-phosphotransferase APH(3')-Ia	core	AMR	AMR	AMINOGLYCOSIDE	KANAMYCIN	EXACTX	271	271	100.0	100.0	271	WP_000018326.1	aminoglycoside O-phosphotransferase APH(3')-Ia			470.7569
	accn|JWYI01000038	1033	1584	+	aac(6')-Ib'	aminoglycoside N-acetyltransferase AAC(6')-Ib'	core	AMR	AMR	AMINOGLYCOSIDE	GENTAMICIN	EXACTX	184	184	100.0	100.0	184	WP_014454105.1	aminoglycoside N-acetyltransferase AAC(6')-Ib'			470.756
	accn|JWYI01000038	1680	2309	+	catB8	type B-3 chloramphenicol O-acetyltransferase CatB8	core	AMR	AMR	PHENICOL	CHLORAMPHENICOL	EXACTX	210	210	100.0	100.0	210	WP_002075262.1	type B-3 chloramphenicol O-acetyltransferase CatB8			470.756
	accn|JWYI01000038	2370	3158	+	aadA1	ANT(3'')-Ia family aminoglycoside nucleotidyltransferase AadA1	core	AMR	AMR	AMINOGLYCOSIDE	STREPTOMYCIN	EXACTX	263	263	100.0	100.0	263	WP_001206316.1	ANT(3'')-Ia family aminoglycoside nucleotidyltransferase AadA1			470.756
	accn|JWYI01000038	3325	3669	+	qacEdelta1	quaternary ammonium compound efflux SMR transporter QacE delta 1	core	STRESS	BIOCIDE	QUATERNARY AMMONIUM	QUATERNARY AMMONIUM	ALLELEX	115	115	100.0	100.0	115	WP_000679427.1	quaternary ammonium compound efflux SMR transporter QacE delta 1			470.756
	accn|JWYI01000038	3666	4502	+	sul1	sulfonamide-resistant dihydropteroate synthase Sul1	core	AMR	AMR	SULFONAMIDE	SULFONAMIDE	EXACTX	279	279	100.0	100.0	279	WP_000259031.1	sulfonamide-resistant dihydropteroate synthase Sul1			470.756
	accn|JWYI01000038	7851	8621	+	armA	16S rRNA (guanine(1405)-N(7))-methyltransferase ArmA	core	AMR	AMR	AMINOGLYCOSIDE	GENTAMICIN	EXACTX	257	257	100.0	100.0	257	WP_000359986.1	16S rRNA (guanine(1405)-N(7))-methyltransferase ArmA			470.756
	accn|JWYI01000038	10923	12395	+	msr(E)	ABC-F type ribosomal protection protein Msr(E)	core	AMR	AMR	MACROLIDE/STREPTOGRAMIN	AZITHROMYCIN/ERYTHROMYCIN/STREPTOGRAMIN	EXACTX	491	491	100.0	100.0	491	WP_000052512.1	ABC-F type ribosomal protection protein Msr(E)			470.756
	accn|JWYI01000038	12454	13335	+	mph(E)	Mph(E) family macrolide 2'-phosphotransferase	core	AMR	AMR	MACROLIDE	ERYTHROMYCIN	EXACTX	294	294	100.0	100.0	294	WP_000155092.1	Mph(E) family macrolide 2'-phosphotransferase			470.756
	accn|470.7571.con.0002	545122	546270	+	blaADC-163	extended-spectrum class C beta-lactamase ADC-163	core	AMR	AMR	BETA-LACTAM	CEPHALOSPORIN	ALLELEX	383	383	100.0	100.0	383	WP_057093064.1	extended-spectrum class C beta-lactamase ADC-163			470.7571
	accn|470.7571.con.0006	132761	133546	+	ant(3'')-IIa	aminoglycoside nucleotidyltransferase ANT(3'')-IIa	core	AMR	AMR	AMINOGLYCOSIDE	SPECTINOMYCIN/STREPTOMYCIN	BLASTX	262	262	100.0	99.24	262	WP_001112624.1	aminoglycoside nucleotidyltransferase ANT(3'')-IIa			470.7571
	accn|470.7572.con.0002	265580	266401	-	blaOXA-94	OXA-51 family carbapenem-hydrolyzing class D beta-lactamase OXA-94	core	AMR	AMR	BETA-LACTAM	CARBAPENEM	ALLELEX	274	274	100.0	100.0	274	WP_029424390.1	OXA-51 family carbapenem-hydrolyzing class D beta-lactamase OXA-94			470.7572
	accn|470.7572.con.0019	47984	49132	+	blaADC-80	extended-spectrum class C beta-lactamase ADC-80	core	AMR	AMR	BETA-LACTAM	CEPHALOSPORIN	ALLELEX	383	383	100.0	100.0	383	WP_029424536.1	extended-spectrum class C beta-lactamase ADC-80			470.7572
	accn|470.7573.con.0021	2737	3267	+	ant(2'')-Ia	aminoglycoside nucleotidyltransferase ANT(2'')-Ia	core	AMR	AMR	AMINOGLYCOSIDE	GENTAMICIN/KANAMYCIN/TOBRAMYCIN	BLASTX	177	177	100.0	98.31	177	WP_000381803.1	aminoglycoside nucleotidyltransferase ANT(2'')-Ia			470.7573
	accn|470.7575.con.0009	108572	109393	+	blaOXA-66	OXA-51 family carbapenem-hydrolyzing class D beta-lactamase OXA-66	core	AMR	AMR	BETA-LACTAM	CARBAPENEM	ALLELEX	274	274	100.0	100.0	274	WP_001021792.1	OXA-51 family carbapenem-hydrolyzing class D beta-lactamase OXA-66			470.7575
	accn|470.7575.con.0020	137	1285	+	blaADC-30	extended-spectrum class C beta-lactamase ADC-30	core	AMR	AMR	BETA-LACTAM	CEPHALOSPORIN	ALLELEX	383	383	100.0	100.0	383	WP_001211218.1	extended-spectrum class C beta-lactamase ADC-30			470.7575
	accn|470.7575.con.0089	609	1157	-	aacA16	AAC(6')-Ia family aminoglycoside 6'-N-acetyltransferase AacA16	core	AMR	AMR	AMINOGLYCOSIDE	AMINOGLYCOSIDE	ALLELEX	183	183	100.0	100.0	183	WP_001109644.1	AAC(6')-Ia family aminoglycoside 6'-N-acetyltransferase AacA16			470.7575
	accn|470.7576.con.0001	219117	219938	-	blaOXA-387	OXA-51 family carbapenem-hydrolyzing class D beta-lactamase OXA-387	core	AMR	AMR	BETA-LACTAM	CARBAPENEM	ALLELEX	274	274	100.0	100.0	274	WP_063862751.1	OXA-51 family carbapenem-hydrolyzing class D beta-lactamase OXA-387			470.7576
	accn|470.7576.con.0002	260541	261689	-	blaADC-244	extended-spectrum class C beta-lactamase ADC-244	core	AMR	AMR	BETA-LACTAM	CEPHALOSPORIN	ALLELEX	383	383	100.0	100.0	383	WP_032017586.1	extended-spectrum class C beta-lactamase ADC-244			470.7576
	accn|470.7576.con.0008	34710	35495	-	ant(3'')-IIa	aminoglycoside nucleotidyltransferase ANT(3'')-IIa	core	AMR	AMR	AMINOGLYCOSIDE	SPECTINOMYCIN/STREPTOMYCIN	BLASTX	262	262	100.0	99.24	262	WP_001112624.1	aminoglycoside nucleotidyltransferase ANT(3'')-IIa			470.7576
	accn|470.7577.con.0009	49868	50689	-	blaOXA-120	OXA-51 family carbapenem-hydrolyzing class D beta-lactamase OXA-120	core	AMR	AMR	BETA-LACTAM	CARBAPENEM	ALLELEX	274	274	100.0	100.0	274	WP_004738885.1	OXA-51 family carbapenem-hydrolyzing class D beta-lactamase OXA-120			470.7577
	accn|470.7577.con.0021	36886	38034	-	blaADC-156	extended-spectrum class C beta-lactamase ADC-156	core	AMR	AMR	BETA-LACTAM	CEPHALOSPORIN	ALLELEX	383	383	100.0	100.0	383	WP_024436624.1	extended-spectrum class C beta-lactamase ADC-156			470.7577
	accn|470.7581.con.0039	26419	27240	+	blaOXA-69	OXA-51 family carbapenem-hydrolyzing class D beta-lactamase OXA-69	core	AMR	AMR	BETA-LACTAM	CARBAPENEM	ALLELEX	274	274	100.0	100.0	274	WP_001021779.1	OXA-51 family carbapenem-hydrolyzing class D beta-lactamase OXA-69			470.7581
	accn|470.7582.con.0005	164824	165645	-	blaOXA-66	OXA-51 family carbapenem-hydrolyzing class D beta-lactamase OXA-66	core	AMR	AMR	BETA-LACTAM	CARBAPENEM	ALLELEX	274	274	100.0	100.0	274	WP_001021792.1	OXA-51 family carbapenem-hydrolyzing class D beta-lactamase OXA-66			470.7582
	accn|470.7582.con.0049	1593	2411	-	blaOXA-23	OXA-23 family carbapenem-hydrolyzing class D beta-lactamase OXA-23	core	AMR	AMR	BETA-LACTAM	CARBAPENEM	ALLELEX	273	273	100.0	100.0	273	WP_001046004.1	OXA-23 family carbapenem-hydrolyzing class D beta-lactamase OXA-23			470.7582
	accn|470.7582.con.0057	146	958	+	sul2	sulfonamide-resistant dihydropteroate synthase Sul2	core	AMR	AMR	SULFONAMIDE	SULFONAMIDE	EXACTX	271	271	100.0	100.0	271	WP_001043260.1	sulfonamide-resistant dihydropteroate synthase Sul2			470.7582
	accn|470.7583.con.0003	244737	245558	+	blaOXA-208	OXA-51 family carbapenem-hydrolyzing class D beta-lactamase OXA-208	core	AMR	AMR	BETA-LACTAM	CARBAPENEM	ALLELEX	274	274	100.0	100.0	274	WP_001021780.1	OXA-51 family carbapenem-hydrolyzing class D beta-lactamase OXA-208			470.7583
	accn|470.7584.con.0013	5739	6551	+	aph(3')-Ia	aminoglycoside O-phosphotransferase APH(3')-Ia	core	AMR	AMR	AMINOGLYCOSIDE	KANAMYCIN	EXACTX	271	271	100.0	100.0	271	WP_000018326.1	aminoglycoside O-phosphotransferase APH(3')-Ia			470.7584
	accn|470.7584.con.0074	457	1929	+	msr(E)	ABC-F type ribosomal protection protein Msr(E)	core	AMR	AMR	MACROLIDE/STREPTOGRAMIN	AZITHROMYCIN/ERYTHROMYCIN/STREPTOGRAMIN	EXACTX	491	491	100.0	100.0	491	WP_000052512.1	ABC-F type ribosomal protection protein Msr(E)			470.7584
	accn|470.7584.con.0074	1988	2869	+	mph(E)	Mph(E) family macrolide 2'-phosphotransferase	core	AMR	AMR	MACROLIDE	ERYTHROMYCIN	EXACTX	294	294	100.0	100.0	294	WP_000155092.1	Mph(E) family macrolide 2'-phosphotransferase			470.7584
	accn|470.7584.con.0079	35	853	+	blaOXA-23	OXA-23 family carbapenem-hydrolyzing class D beta-lactamase OXA-23	core	AMR	AMR	BETA-LACTAM	CARBAPENEM	ALLELEX	273	273	100.0	100.0	273	WP_001046004.1	OXA-23 family carbapenem-hydrolyzing class D beta-lactamase OXA-23			470.7584
	accn|JWYK01000010	24708	25856	+	blaADC-52	extended-spectrum class C beta-lactamase ADC-52	core	AMR	AMR	BETA-LACTAM	CEPHALOSPORIN	ALLELEX	383	383	100.0	100.0	383	WP_001211232.1	extended-spectrum class C beta-lactamase ADC-52			470.758
	accn|470.7768.con.0008	35451	36236	-	ant(3'')-IIa	aminoglycoside nucleotidyltransferase ANT(3'')-IIa	core	AMR	AMR	AMINOGLYCOSIDE	SPECTINOMYCIN/STREPTOMYCIN	EXACTX	262	262	100.0	100.0	262	WP_001279073.1	aminoglycoside nucleotidyltransferase ANT(3'')-IIa			470.7768
	accn|470.7768.con.0013	43829	45028	-	tet(B)	tetracycline efflux MFS transporter Tet(B)	core	AMR	AMR	TETRACYCLINE	TETRACYCLINE	BLASTX	400	401	99.75	100.0	400	WP_001089072.1	tetracycline efflux MFS transporter Tet(B)			470.7768
	accn|470.7768.con.0013	48404	49237	-	aph(6)-Id	aminoglycoside O-phosphotransferase APH(6)-Id	core	AMR	AMR	AMINOGLYCOSIDE	STREPTOMYCIN	EXACTX	278	278	100.0	100.0	278	WP_000480968.1	aminoglycoside O-phosphotransferase APH(6)-Id			470.7768
	accn|470.7768.con.0013	49240	50040	-	aph(3'')-Ib	aminoglycoside O-phosphotransferase APH(3'')-Ib	core	AMR	AMR	AMINOGLYCOSIDE	STREPTOMYCIN	EXACTX	267	267	100.0	100.0	267	WP_001082319.1	aminoglycoside O-phosphotransferase APH(3'')-Ib			470.7768
	accn|470.7771.con.0001	291952	293100	-	blaADC-242	extended-spectrum class C beta-lactamase ADC-242	core	AMR	AMR	BETA-LACTAM	CEPHALOSPORIN	ALLELEX	383	383	100.0	100.0	383	WP_047481394.1	extended-spectrum class C beta-lactamase ADC-242			470.7771
	accn|470.7771.con.0005	65709	66530	-	blaOXA-314	OXA-51 family carbapenem-hydrolyzing class D beta-lactamase OXA-314	core	AMR	AMR	BETA-LACTAM	CARBAPENEM	ALLELEX	274	274	100.0	100.0	274	WP_031976872.1	OXA-51 family carbapenem-hydrolyzing class D beta-lactamase OXA-314			470.7771
	accn|470.7771.con.0007	122053	122838	+	ant(3'')-IIa	aminoglycoside nucleotidyltransferase ANT(3'')-IIa	core	AMR	AMR	AMINOGLYCOSIDE	SPECTINOMYCIN/STREPTOMYCIN	BLASTX	262	262	100.0	98.47	262	WP_001279073.1	aminoglycoside nucleotidyltransferase ANT(3'')-IIa			470.7771
	accn|470.7773.con.0001	405731	406879	-	blaADC-30	extended-spectrum class C beta-lactamase ADC-30	core	AMR	AMR	BETA-LACTAM	CEPHALOSPORIN	ALLELEX	383	383	100.0	100.0	383	WP_001211218.1	extended-spectrum class C beta-lactamase ADC-30			470.7773
	accn|470.7773.con.0003	58146	58967	+	blaOXA-66	OXA-51 family carbapenem-hydrolyzing class D beta-lactamase OXA-66	core	AMR	AMR	BETA-LACTAM	CARBAPENEM	ALLELEX	274	274	100.0	100.0	274	WP_001021792.1	OXA-51 family carbapenem-hydrolyzing class D beta-lactamase OXA-66			470.7773
	accn|470.7773.con.0054	155	931	-	aph(3')-VIa	aminoglycoside O-phosphotransferase APH(3')-VIa	core	AMR	AMR	AMINOGLYCOSIDE	AMIKACIN/KANAMYCIN	BLASTX	259	259	100.0	99.61	259	WP_000422636.1	aminoglycoside O-phosphotransferase APH(3')-VIa			470.7773
	accn|470.7779.con.0015	6212	7033	-	blaOXA-100	OXA-51 family carbapenem-hydrolyzing class D beta-lactamase OXA-100	core	AMR	AMR	BETA-LACTAM	CARBAPENEM	ALLELEX	274	274	100.0	100.0	274	WP_001021795.1	OXA-51 family carbapenem-hydrolyzing class D beta-lactamase OXA-100			470.7779
	accn|470.7779.con.0063	2066	2878	+	sul2	sulfonamide-resistant dihydropteroate synthase Sul2	core	AMR	AMR	SULFONAMIDE	SULFONAMIDE	EXACTX	271	271	100.0	100.0	271	WP_001043260.1	sulfonamide-resistant dihydropteroate synthase Sul2			470.7779
	accn|470.7781.con.0063	5702	6205	-	ant(2'')-Ia	aminoglycoside nucleotidyltransferase ANT(2'')-Ia	core	AMR	AMR	AMINOGLYCOSIDE	GENTAMICIN/KANAMYCIN/TOBRAMYCIN	BLASTX	168	177	94.92	98.81	168	WP_000381803.1	aminoglycoside nucleotidyltransferase ANT(2'')-Ia			470.7781
	accn|470.7781.con.0075	2107	3255	-	blaADC-79	extended-spectrum class C beta-lactamase ADC-79	core	AMR	AMR	BETA-LACTAM	CEPHALOSPORIN	ALLELEX	383	383	100.0	100.0	383	WP_001159760.1	extended-spectrum class C beta-lactamase ADC-79			470.7781
	accn|470.7782.con.0015	80876	81697	+	blaOXA-100	OXA-51 family carbapenem-hydrolyzing class D beta-lactamase OXA-100	core	AMR	AMR	BETA-LACTAM	CARBAPENEM	ALLELEX	274	274	100.0	100.0	274	WP_001021795.1	OXA-51 family carbapenem-hydrolyzing class D beta-lactamase OXA-100			470.7782
	accn|470.7788.con.0009	35477	36262	-	ant(3'')-IIa	aminoglycoside nucleotidyltransferase ANT(3'')-IIa	core	AMR	AMR	AMINOGLYCOSIDE	SPECTINOMYCIN/STREPTOMYCIN	BLASTX	262	262	100.0	98.85	262	WP_001279062.1	aminoglycoside nucleotidyltransferase ANT(3'')-IIa			470.7788
	accn|470.7792.con.0016	80876	81697	+	blaOXA-100	OXA-51 family carbapenem-hydrolyzing class D beta-lactamase OXA-100	core	AMR	AMR	BETA-LACTAM	CARBAPENEM	ALLELEX	274	274	100.0	100.0	274	WP_001021795.1	OXA-51 family carbapenem-hydrolyzing class D beta-lactamase OXA-100			470.7792
	accn|470.7792.con.0076	2107	3255	-	blaADC-79	extended-spectrum class C beta-lactamase ADC-79	core	AMR	AMR	BETA-LACTAM	CEPHALOSPORIN	ALLELEX	383	383	100.0	100.0	383	WP_001159760.1	extended-spectrum class C beta-lactamase ADC-79			470.7792
	accn|470.7793.con.0015	80876	81697	+	blaOXA-100	OXA-51 family carbapenem-hydrolyzing class D beta-lactamase OXA-100	core	AMR	AMR	BETA-LACTAM	CARBAPENEM	ALLELEX	274	274	100.0	100.0	274	WP_001021795.1	OXA-51 family carbapenem-hydrolyzing class D beta-lactamase OXA-100			470.7793
	accn|470.7795.con.0065	3041	3853	-	sul2	sulfonamide-resistant dihydropteroate synthase Sul2	core	AMR	AMR	SULFONAMIDE	SULFONAMIDE	EXACTX	271	271	100.0	100.0	271	WP_001043260.1	sulfonamide-resistant dihydropteroate synthase Sul2			470.7795
	accn|470.7795.con.0075	134	1282	+	blaADC-79	extended-spectrum class C beta-lactamase ADC-79	core	AMR	AMR	BETA-LACTAM	CEPHALOSPORIN	ALLELEX	383	383	100.0	100.0	383	WP_001159760.1	extended-spectrum class C beta-lactamase ADC-79			470.7795
	accn|470.7807.con.0063	3041	3853	-	sul2	sulfonamide-resistant dihydropteroate synthase Sul2	core	AMR	AMR	SULFONAMIDE	SULFONAMIDE	EXACTX	271	271	100.0	100.0	271	WP_001043260.1	sulfonamide-resistant dihydropteroate synthase Sul2			470.7807
	accn|470.7808.con.0078	2107	3255	-	blaADC-79	extended-spectrum class C beta-lactamase ADC-79	core	AMR	AMR	BETA-LACTAM	CEPHALOSPORIN	ALLELEX	383	383	100.0	100.0	383	WP_001159760.1	extended-spectrum class C beta-lactamase ADC-79			470.7808
	accn|470.7808.con.0100	18	857	+	blaOXA-58	carbapenem-hydrolyzing class D beta-lactamase OXA-58	core	AMR	AMR	BETA-LACTAM	CARBAPENEM	ALLELEX	280	280	100.0	100.0	280	WP_002002480.1	carbapenem-hydrolyzing class D beta-lactamase OXA-58			470.7808
	accn|470.7813.con.0015	6209	7030	-	blaOXA-100	OXA-51 family carbapenem-hydrolyzing class D beta-lactamase OXA-100	core	AMR	AMR	BETA-LACTAM	CARBAPENEM	ALLELEX	274	274	100.0	100.0	274	WP_001021795.1	OXA-51 family carbapenem-hydrolyzing class D beta-lactamase OXA-100			470.7813
	accn|470.7813.con.0063	2066	2878	+	sul2	sulfonamide-resistant dihydropteroate synthase Sul2	core	AMR	AMR	SULFONAMIDE	SULFONAMIDE	EXACTX	271	271	100.0	100.0	271	WP_001043260.1	sulfonamide-resistant dihydropteroate synthase Sul2			470.7813
	accn|470.7816.con.0001	359830	360651	-	blaOXA-64	OXA-51 family carbapenem-hydrolyzing class D beta-lactamase OXA-64	core	AMR	AMR	BETA-LACTAM	CARBAPENEM	ALLELEX	274	274	100.0	100.0	274	WP_001021788.1	OXA-51 family carbapenem-hydrolyzing class D beta-lactamase OXA-64			470.7816
	accn|470.7816.con.0005	214772	215920	-	blaADC-26	extended-spectrum class C beta-lactamase ADC-26	core	AMR	AMR	BETA-LACTAM	CEPHALOSPORIN	ALLELEX	383	383	100.0	100.0	383	WP_001211238.1	extended-spectrum class C beta-lactamase ADC-26			470.7816
	accn|470.7816.con.0051	2	361	+	ant(2'')-Ia	aminoglycoside nucleotidyltransferase ANT(2'')-Ia	core	AMR	AMR	AMINOGLYCOSIDE	GENTAMICIN/KANAMYCIN/TOBRAMYCIN	PARTIAL_CONTIG_ENDX	120	177	67.8	99.17	120	WP_032490446.1	aminoglycoside nucleotidyltransferase ANT(2'')-Ia			470.7816
	accn|470.7816.con.0051	5909	6205	+	ant(2'')-Ia	aminoglycoside nucleotidyltransferase ANT(2'')-Ia	core	AMR	AMR	AMINOGLYCOSIDE	GENTAMICIN/KANAMYCIN/TOBRAMYCIN	PARTIAL_CONTIG_ENDX	99	177	55.93	97.98	99	WP_000381803.1	aminoglycoside nucleotidyltransferase ANT(2'')-Ia			470.7816
	accn|470.7819.con.0004	361	1509	+	blaADC-26	extended-spectrum class C beta-lactamase ADC-26	core	AMR	AMR	BETA-LACTAM	CEPHALOSPORIN	ALLELEX	383	383	100.0	100.0	383	WP_001211238.1	extended-spectrum class C beta-lactamase ADC-26			470.7819
	accn|470.7824.con.0060	2066	2878	+	sul2	sulfonamide-resistant dihydropteroate synthase Sul2	core	AMR	AMR	SULFONAMIDE	SULFONAMIDE	EXACTX	271	271	100.0	100.0	271	WP_001043260.1	sulfonamide-resistant dihydropteroate synthase Sul2			470.7824
	accn|470.7832.con.0001	258318	259139	+	blaOXA-69	OXA-51 family carbapenem-hydrolyzing class D beta-lactamase OXA-69	core	AMR	AMR	BETA-LACTAM	CARBAPENEM	ALLELEX	274	274	100.0	100.0	274	WP_001021779.1	OXA-51 family carbapenem-hydrolyzing class D beta-lactamase OXA-69			470.7832
	accn|470.7832.con.0037	702	1538	-	sul1	sulfonamide-resistant dihydropteroate synthase Sul1	core	AMR	AMR	SULFONAMIDE	SULFONAMIDE	EXACTX	279	279	100.0	100.0	279	WP_000259031.1	sulfonamide-resistant dihydropteroate synthase Sul1			470.7832
	accn|470.7845.con.0001	58730	59551	+	blaOXA-100	OXA-51 family carbapenem-hydrolyzing class D beta-lactamase OXA-100	core	AMR	AMR	BETA-LACTAM	CARBAPENEM	ALLELEX	274	274	100.0	100.0	274	WP_001021795.1	OXA-51 family carbapenem-hydrolyzing class D beta-lactamase OXA-100			470.7845
	accn|470.7848.con.0016	15013	15798	+	ant(3'')-IIa	aminoglycoside nucleotidyltransferase ANT(3'')-IIa	core	AMR	AMR	AMINOGLYCOSIDE	SPECTINOMYCIN/STREPTOMYCIN	BLASTX	262	262	100.0	98.47	262	WP_001112624.1	aminoglycoside nucleotidyltransferase ANT(3'')-IIa			470.7848
	accn|470.7848.con.0048	219	995	+	aph(3')-VIa	aminoglycoside O-phosphotransferase APH(3')-VIa	core	AMR	AMR	AMINOGLYCOSIDE	AMIKACIN/KANAMYCIN	EXACTX	259	259	100.0	100.0	259	WP_000422636.1	aminoglycoside O-phosphotransferase APH(3')-VIa			470.7848
	accn|470.7849.con.0045	7986	8786	+	aph(3'')-Ib	aminoglycoside O-phosphotransferase APH(3'')-Ib	core	AMR	AMR	AMINOGLYCOSIDE	STREPTOMYCIN	EXACTX	267	267	100.0	100.0	267	WP_001082319.1	aminoglycoside O-phosphotransferase APH(3'')-Ib			470.7849
	accn|470.7849.con.0045	8789	9622	+	aph(6)-Id	aminoglycoside O-phosphotransferase APH(6)-Id	core	AMR	AMR	AMINOGLYCOSIDE	STREPTOMYCIN	EXACTX	278	278	100.0	100.0	278	WP_000480968.1	aminoglycoside O-phosphotransferase APH(6)-Id			470.7849
	accn|470.7849.con.0048	7192	8376	+	tet(39)	tetracycline efflux MFS transporter Tet(39)	core	AMR	AMR	TETRACYCLINE	TETRACYCLINE	EXACTX	395	395	100.0	100.0	395	WP_004856455.1	tetracycline efflux MFS transporter Tet(39)			470.7849
	accn|470.7849.con.0052	1632	2162	-	ant(2'')-Ia	aminoglycoside nucleotidyltransferase ANT(2'')-Ia	core	AMR	AMR	AMINOGLYCOSIDE	GENTAMICIN/KANAMYCIN/TOBRAMYCIN	BLASTX	177	177	100.0	98.31	177	WP_000381803.1	aminoglycoside nucleotidyltransferase ANT(2'')-Ia			470.7849
	accn|470.7854.con.0002	407555	408703	-	blaADC-50	extended-spectrum class C beta-lactamase ADC-50	core	AMR	AMR	BETA-LACTAM	CEPHALOSPORIN	ALLELEX	383	383	100.0	100.0	383	WP_031965243.1	extended-spectrum class C beta-lactamase ADC-50			470.7854
	accn|470.7854.con.0003	67086	67907	-	blaOXA-64	OXA-51 family carbapenem-hydrolyzing class D beta-lactamase OXA-64	core	AMR	AMR	BETA-LACTAM	CARBAPENEM	ALLELEX	274	274	100.0	100.0	274	WP_001021788.1	OXA-51 family carbapenem-hydrolyzing class D beta-lactamase OXA-64			470.7854
	accn|470.7854.con.0010	135446	136231	+	ant(3'')-IIa	aminoglycoside nucleotidyltransferase ANT(3'')-IIa	core	AMR	AMR	AMINOGLYCOSIDE	SPECTINOMYCIN/STREPTOMYCIN	EXACTX	262	262	100.0	100.0	262	WP_001279068.1	aminoglycoside nucleotidyltransferase ANT(3'')-IIa			470.7854
	accn|470.7854.con.0025	17418	18230	+	sul2	sulfonamide-resistant dihydropteroate synthase Sul2	core	AMR	AMR	SULFONAMIDE	SULFONAMIDE	EXACTX	271	271	100.0	100.0	271	WP_001043260.1	sulfonamide-resistant dihydropteroate synthase Sul2			470.7854
	accn|470.7854.con.0025	18851	20053	-	tet(B)	tetracycline efflux MFS transporter Tet(B)	core	AMR	AMR	TETRACYCLINE	TETRACYCLINE	EXACTX	401	401	100.0	100.0	401	WP_001089072.1	tetracycline efflux MFS transporter Tet(B)			470.7854
	accn|470.7854.con.0025	23429	24262	-	aph(6)-Id	aminoglycoside O-phosphotransferase APH(6)-Id	core	AMR	AMR	AMINOGLYCOSIDE	STREPTOMYCIN	EXACTX	278	278	100.0	100.0	278	WP_000480968.1	aminoglycoside O-phosphotransferase APH(6)-Id			470.7854
	accn|470.7854.con.0025	24265	25065	-	aph(3'')-Ib	aminoglycoside O-phosphotransferase APH(3'')-Ib	core	AMR	AMR	AMINOGLYCOSIDE	STREPTOMYCIN	EXACTX	267	267	100.0	100.0	267	WP_001082319.1	aminoglycoside O-phosphotransferase APH(3'')-Ib			470.7854
	accn|470.7855.con.0014	80876	81697	+	blaOXA-100	OXA-51 family carbapenem-hydrolyzing class D beta-lactamase OXA-100	core	AMR	AMR	BETA-LACTAM	CARBAPENEM	ALLELEX	274	274	100.0	100.0	274	WP_001021795.1	OXA-51 family carbapenem-hydrolyzing class D beta-lactamase OXA-100			470.7855
	accn|470.7855.con.0093	18	857	+	blaOXA-58	carbapenem-hydrolyzing class D beta-lactamase OXA-58	core	AMR	AMR	BETA-LACTAM	CARBAPENEM	ALLELEX	280	280	100.0	100.0	280	WP_002002480.1	carbapenem-hydrolyzing class D beta-lactamase OXA-58			470.7855
	accn|470.7861.con.0001	137	1285	+	blaADC-30	extended-spectrum class C beta-lactamase ADC-30	core	AMR	AMR	BETA-LACTAM	CEPHALOSPORIN	ALLELEX	383	383	100.0	100.0	383	WP_001211218.1	extended-spectrum class C beta-lactamase ADC-30			470.7861
	accn|470.7861.con.0013	74250	75050	+	aph(3'')-Ib	aminoglycoside O-phosphotransferase APH(3'')-Ib	core	AMR	AMR	AMINOGLYCOSIDE	STREPTOMYCIN	EXACTX	267	267	100.0	100.0	267	WP_001082319.1	aminoglycoside O-phosphotransferase APH(3'')-Ib			470.7861
	accn|470.7861.con.0013	75053	75886	+	aph(6)-Id	aminoglycoside O-phosphotransferase APH(6)-Id	core	AMR	AMR	AMINOGLYCOSIDE	STREPTOMYCIN	EXACTX	278	278	100.0	100.0	278	WP_000480968.1	aminoglycoside O-phosphotransferase APH(6)-Id			470.7861
	accn|470.7861.con.0013	79262	80461	+	tet(B)	tetracycline efflux MFS transporter Tet(B)	core	AMR	AMR	TETRACYCLINE	TETRACYCLINE	BLASTX	400	401	99.75	100.0	400	WP_001089072.1	tetracycline efflux MFS transporter Tet(B)			470.7861
	accn|470.7862.con.0002	212684	213832	-	blaADC-26	extended-spectrum class C beta-lactamase ADC-26	core	AMR	AMR	BETA-LACTAM	CEPHALOSPORIN	ALLELEX	383	383	100.0	100.0	383	WP_001211238.1	extended-spectrum class C beta-lactamase ADC-26			470.7862
	accn|470.7862.con.0047	2	571	-	aph(3'')-Ib	aminoglycoside O-phosphotransferase APH(3'')-Ib	core	AMR	AMR	AMINOGLYCOSIDE	STREPTOMYCIN	PARTIAL_CONTIG_ENDX	190	267	71.16	100.0	190	WP_001082319.1	aminoglycoside O-phosphotransferase APH(3'')-Ib			470.7862
	accn|470.7862.con.0063	2	571	-	aph(3'')-Ib	aminoglycoside O-phosphotransferase APH(3'')-Ib	core	AMR	AMR	AMINOGLYCOSIDE	STREPTOMYCIN	PARTIAL_CONTIG_ENDX	190	267	71.16	98.42	190	WP_001082319.1	aminoglycoside O-phosphotransferase APH(3'')-Ib			470.7862
	accn|470.7862.con.0063	604	1392	-	ant(3'')-Ia	ANT(3'')-Ia family aminoglycoside nucleotidyltransferase AadA	core	AMR	AMR	AMINOGLYCOSIDE	SPECTINOMYCIN/STREPTOMYCIN	BLASTX	263	263	100.0	98.1	263	WP_071846263.1	ANT(3'')-Ia family aminoglycoside nucleotidyltransferase AadA			470.7862
	accn|470.7862.con.0063	1551	1880	-	qacE	quaternary ammonium compound efflux SMR transporter QacE	core	STRESS	BIOCIDE	QUATERNARY AMMONIUM	QUATERNARY AMMONIUM	BLASTX	110	110	100.0	99.09	110	WP_010890145.1	quaternary ammonium compound efflux SMR transporter QacE			470.7862
	accn|470.7862.con.0071	3	713	-	aph(6)-Id	aminoglycoside O-phosphotransferase APH(6)-Id	core	AMR	AMR	AMINOGLYCOSIDE	STREPTOMYCIN	PARTIAL_CONTIG_ENDX	237	278	85.25	98.31	237	WP_000480968.1	aminoglycoside O-phosphotransferase APH(6)-Id			470.7862
	accn|470.7862.con.0075	133	663	+	ant(2'')-Ia	aminoglycoside nucleotidyltransferase ANT(2'')-Ia	core	AMR	AMR	AMINOGLYCOSIDE	GENTAMICIN/KANAMYCIN/TOBRAMYCIN	EXACTX	177	177	100.0	100.0	177	WP_000381802.1	aminoglycoside nucleotidyltransferase ANT(2'')-Ia			470.7862
	accn|470.7862.con.0077	132	665	+	aadA2	ANT(3'')-Ia family aminoglycoside nucleotidyltransferase AadA2	core	AMR	AMR	AMINOGLYCOSIDE	STREPTOMYCIN	PARTIAL_CONTIG_ENDX	178	263	67.68	100.0	178	WP_001261740.1	ANT(3'')-Ia family aminoglycoside nucleotidyltransferase AadA2			470.7862
	accn|470.7866.con.0015	149	1006	-	blaTEM-1	broad-spectrum class A beta-lactamase TEM-1	core	AMR	AMR	BETA-LACTAM	BETA-LACTAM	ALLELEX	286	286	100.0	100.0	286	WP_000027057.1	broad-spectrum class A beta-lactamase TEM-1			470.7866
	accn|470.7866.con.0015	5902	6558	+	catA1	type A-1 chloramphenicol O-acetyltransferase	core	AMR	AMR	PHENICOL	CHLORAMPHENICOL	EXACTX	219	219	100.0	100.0	219	WP_000412211.1	type A-1 chloramphenicol O-acetyltransferase			470.7866
	accn|470.7866.con.0015	10410	11606	-	tet(A)	tetracycline efflux MFS transporter Tet(A)	core	AMR	AMR	TETRACYCLINE	TETRACYCLINE	EXACTX	399	399	100.0	100.0	399	WP_000804064.1	tetracycline efflux MFS transporter Tet(A)			470.7866
	accn|470.7866.con.0032	702	1538	-	sul1	sulfonamide-resistant dihydropteroate synthase Sul1	core	AMR	AMR	SULFONAMIDE	SULFONAMIDE	EXACTX	279	279	100.0	100.0	279	WP_000259031.1	sulfonamide-resistant dihydropteroate synthase Sul1			470.7866
	accn|470.7867.con.0094	18	857	+	blaOXA-58	carbapenem-hydrolyzing class D beta-lactamase OXA-58	core	AMR	AMR	BETA-LACTAM	CARBAPENEM	ALLELEX	280	280	100.0	100.0	280	WP_002002480.1	carbapenem-hydrolyzing class D beta-lactamase OXA-58			470.7867
	accn|470.7869.con.0017	34736	35671	+	blaADC	ADC family extended-spectrum class C beta-lactamase	core	AMR	AMR	BETA-LACTAM	CEPHALOSPORIN	PARTIAL_CONTIG_ENDX	312	383	81.46	100.0	312	WP_001211205.1	extended-spectrum class C beta-lactamase ADC-11			470.7869
	accn|470.7869.con.0036	194	1006	+	aph(3')-Ia	aminoglycoside O-phosphotransferase APH(3')-Ia	core	AMR	AMR	AMINOGLYCOSIDE	KANAMYCIN	EXACTX	271	271	100.0	100.0	271	WP_000018326.1	aminoglycoside O-phosphotransferase APH(3')-Ia			470.7869
	accn|470.7869.con.0038	60	896	+	sul1	sulfonamide-resistant dihydropteroate synthase Sul1	core	AMR	AMR	SULFONAMIDE	SULFONAMIDE	EXACTX	279	279	100.0	100.0	279	WP_000259031.1	sulfonamide-resistant dihydropteroate synthase Sul1			470.7869
	accn|470.7869.con.0042	135	1166	+	blaADC	ADC family extended-spectrum class C beta-lactamase	core	AMR	AMR	BETA-LACTAM	CEPHALOSPORIN	PARTIAL_CONTIG_ENDX	344	388	88.66	100.0	344	WP_001159761.1	extended-spectrum class C beta-lactamase ADC-176			470.7869
	accn|470.7875.con.0014	80876	81697	+	blaOXA-100	OXA-51 family carbapenem-hydrolyzing class D beta-lactamase OXA-100	core	AMR	AMR	BETA-LACTAM	CARBAPENEM	ALLELEX	274	274	100.0	100.0	274	WP_001021795.1	OXA-51 family carbapenem-hydrolyzing class D beta-lactamase OXA-100			470.7875
	accn|470.7875.con.0067	2066	2878	+	sul2	sulfonamide-resistant dihydropteroate synthase Sul2	core	AMR	AMR	SULFONAMIDE	SULFONAMIDE	EXACTX	271	271	100.0	100.0	271	WP_001043260.1	sulfonamide-resistant dihydropteroate synthase Sul2			470.7875
	accn|470.7875.con.0076	2107	3255	-	blaADC-79	extended-spectrum class C beta-lactamase ADC-79	core	AMR	AMR	BETA-LACTAM	CEPHALOSPORIN	ALLELEX	383	383	100.0	100.0	383	WP_001159760.1	extended-spectrum class C beta-lactamase ADC-79			470.7875
	accn|470.7883.con.0001	624780	625601	-	blaOXA-69	OXA-51 family carbapenem-hydrolyzing class D beta-lactamase OXA-69	core	AMR	AMR	BETA-LACTAM	CARBAPENEM	ALLELEX	274	274	100.0	100.0	274	WP_001021779.1	OXA-51 family carbapenem-hydrolyzing class D beta-lactamase OXA-69			470.7883
	accn|470.7883.con.0022	6988	8184	+	tet(A)	tetracycline efflux MFS transporter Tet(A)	core	AMR	AMR	TETRACYCLINE	TETRACYCLINE	EXACTX	399	399	100.0	100.0	399	WP_000804064.1	tetracycline efflux MFS transporter Tet(A)			470.7883
	accn|470.7883.con.0022	12036	12692	-	catA1	type A-1 chloramphenicol O-acetyltransferase	core	AMR	AMR	PHENICOL	CHLORAMPHENICOL	EXACTX	219	219	100.0	100.0	219	WP_000412211.1	type A-1 chloramphenicol O-acetyltransferase			470.7883
	accn|470.7883.con.0022	17588	18445	+	blaTEM-1	broad-spectrum class A beta-lactamase TEM-1	core	AMR	AMR	BETA-LACTAM	BETA-LACTAM	ALLELEX	286	286	100.0	100.0	286	WP_000027057.1	broad-spectrum class A beta-lactamase TEM-1			470.7883
	accn|470.7918.con.0001	359679	360500	-	blaOXA-64	OXA-51 family carbapenem-hydrolyzing class D beta-lactamase OXA-64	core	AMR	AMR	BETA-LACTAM	CARBAPENEM	ALLELEX	274	274	100.0	100.0	274	WP_001021788.1	OXA-51 family carbapenem-hydrolyzing class D beta-lactamase OXA-64			470.7918
	accn|470.7918.con.0047	176	1360	-	tet(39)	tetracycline efflux MFS transporter Tet(39)	core	AMR	AMR	TETRACYCLINE	TETRACYCLINE	EXACTX	395	395	100.0	100.0	395	WP_004856455.1	tetracycline efflux MFS transporter Tet(39)			470.7918
	accn|470.7918.con.0055	2064	2876	-	aph(3')-Ia	aminoglycoside O-phosphotransferase APH(3')-Ia	core	AMR	AMR	AMINOGLYCOSIDE	KANAMYCIN	EXACTX	271	271	100.0	100.0	271	WP_000018326.1	aminoglycoside O-phosphotransferase APH(3')-Ia			470.7918
	accn|470.7928.con.0010	105311	106147	-	sul1	sulfonamide-resistant dihydropteroate synthase Sul1	core	AMR	AMR	SULFONAMIDE	SULFONAMIDE	EXACTX	279	279	100.0	100.0	279	WP_000259031.1	sulfonamide-resistant dihydropteroate synthase Sul1			470.7928
	accn|470.7928.con.0010	106144	106488	-	qacEdelta1	quaternary ammonium compound efflux SMR transporter QacE delta 1	core	STRESS	BIOCIDE	QUATERNARY AMMONIUM	QUATERNARY AMMONIUM	ALLELEX	115	115	100.0	100.0	115	WP_000679427.1	quaternary ammonium compound efflux SMR transporter QacE delta 1			470.7928
	accn|470.7928.con.0010	106648	107178	-	ant(2'')-Ia	aminoglycoside nucleotidyltransferase ANT(2'')-Ia	core	AMR	AMR	AMINOGLYCOSIDE	GENTAMICIN/KANAMYCIN/TOBRAMYCIN	EXACTX	177	177	100.0	100.0	177	WP_000381803.1	aminoglycoside nucleotidyltransferase ANT(2'')-Ia			470.7928
	accn|470.7928.con.0010	114609	115805	+	tet(A)	tetracycline efflux MFS transporter Tet(A)	core	AMR	AMR	TETRACYCLINE	TETRACYCLINE	BLASTX	399	399	100.0	99.75	399	WP_063855982.1	tetracycline efflux MFS transporter Tet(A)			470.7928
	accn|470.7928.con.0010	136738	137523	+	ant(3'')-IIa	aminoglycoside nucleotidyltransferase ANT(3'')-IIa	core	AMR	AMR	AMINOGLYCOSIDE	SPECTINOMYCIN/STREPTOMYCIN	BLASTX	262	262	100.0	98.47	262	WP_001112624.1	aminoglycoside nucleotidyltransferase ANT(3'')-IIa			470.7928
	accn|470.7933.con.0005	213927	215075	-	blaADC-26	extended-spectrum class C beta-lactamase ADC-26	core	AMR	AMR	BETA-LACTAM	CEPHALOSPORIN	ALLELEX	383	383	100.0	100.0	383	WP_001211238.1	extended-spectrum class C beta-lactamase ADC-26			470.7933
	accn|470.7933.con.0016	96739	97557	-	blaOXA-23	OXA-23 family carbapenem-hydrolyzing class D beta-lactamase OXA-23	core	AMR	AMR	BETA-LACTAM	CARBAPENEM	ALLELEX	273	273	100.0	100.0	273	WP_001046004.1	OXA-23 family carbapenem-hydrolyzing class D beta-lactamase OXA-23			470.7933
	accn|470.7936.con.0053	1186	1716	-	ant(2'')-Ia	aminoglycoside nucleotidyltransferase ANT(2'')-Ia	core	AMR	AMR	AMINOGLYCOSIDE	GENTAMICIN/KANAMYCIN/TOBRAMYCIN	BLASTX	177	177	100.0	98.31	177	WP_000381803.1	aminoglycoside nucleotidyltransferase ANT(2'')-Ia			470.7936
	accn|470.7946.con.0067	5783	6205	-	ant(2'')-Ia	aminoglycoside nucleotidyltransferase ANT(2'')-Ia	core	AMR	AMR	AMINOGLYCOSIDE	GENTAMICIN/KANAMYCIN/TOBRAMYCIN	PARTIAL_CONTIG_ENDX	141	177	79.66	99.29	141	WP_032490446.1	aminoglycoside nucleotidyltransferase ANT(2'')-Ia			470.7946
	accn|470.7949.con.0067	2066	2878	+	sul2	sulfonamide-resistant dihydropteroate synthase Sul2	core	AMR	AMR	SULFONAMIDE	SULFONAMIDE	EXACTX	271	271	100.0	100.0	271	WP_001043260.1	sulfonamide-resistant dihydropteroate synthase Sul2			470.7949
	accn|470.7949.con.0076	2107	3255	-	blaADC-79	extended-spectrum class C beta-lactamase ADC-79	core	AMR	AMR	BETA-LACTAM	CEPHALOSPORIN	ALLELEX	383	383	100.0	100.0	383	WP_001159760.1	extended-spectrum class C beta-lactamase ADC-79			470.7949
	accn|470.7954.con.0017	96739	97557	-	blaOXA-23	OXA-23 family carbapenem-hydrolyzing class D beta-lactamase OXA-23	core	AMR	AMR	BETA-LACTAM	CARBAPENEM	ALLELEX	273	273	100.0	100.0	273	WP_001046004.1	OXA-23 family carbapenem-hydrolyzing class D beta-lactamase OXA-23			470.7954
	accn|470.7954.con.0019	34672	35457	-	ant(3'')-IIa	aminoglycoside nucleotidyltransferase ANT(3'')-IIa	core	AMR	AMR	AMINOGLYCOSIDE	SPECTINOMYCIN/STREPTOMYCIN	EXACTX	262	262	100.0	100.0	262	WP_001279068.1	aminoglycoside nucleotidyltransferase ANT(3'')-IIa			470.7954
	accn|470.7954.con.0044	1482	2315	-	aph(6)-Id	aminoglycoside O-phosphotransferase APH(6)-Id	core	AMR	AMR	AMINOGLYCOSIDE	STREPTOMYCIN	EXACTX	278	278	100.0	100.0	278	WP_000480968.1	aminoglycoside O-phosphotransferase APH(6)-Id			470.7954
	accn|470.7954.con.0044	2318	3118	-	aph(3'')-Ib	aminoglycoside O-phosphotransferase APH(3'')-Ib	core	AMR	AMR	AMINOGLYCOSIDE	STREPTOMYCIN	EXACTX	267	267	100.0	100.0	267	WP_001082319.1	aminoglycoside O-phosphotransferase APH(3'')-Ib			470.7954
	accn|470.7954.con.0046	178	1362	-	tet(39)	tetracycline efflux MFS transporter Tet(39)	core	AMR	AMR	TETRACYCLINE	TETRACYCLINE	EXACTX	395	395	100.0	100.0	395	WP_004856455.1	tetracycline efflux MFS transporter Tet(39)			470.7954
	accn|470.7962.con.0001	359830	360651	-	blaOXA-64	OXA-51 family carbapenem-hydrolyzing class D beta-lactamase OXA-64	core	AMR	AMR	BETA-LACTAM	CARBAPENEM	ALLELEX	274	274	100.0	100.0	274	WP_001021788.1	OXA-51 family carbapenem-hydrolyzing class D beta-lactamase OXA-64			470.7962
	accn|470.7962.con.0004	361	1509	+	blaADC-26	extended-spectrum class C beta-lactamase ADC-26	core	AMR	AMR	BETA-LACTAM	CEPHALOSPORIN	ALLELEX	383	383	100.0	100.0	383	WP_001211238.1	extended-spectrum class C beta-lactamase ADC-26			470.7962
	accn|470.7962.con.0044	7986	8786	+	aph(3'')-Ib	aminoglycoside O-phosphotransferase APH(3'')-Ib	core	AMR	AMR	AMINOGLYCOSIDE	STREPTOMYCIN	EXACTX	267	267	100.0	100.0	267	WP_001082319.1	aminoglycoside O-phosphotransferase APH(3'')-Ib			470.7962
	accn|470.7962.con.0044	8789	9622	+	aph(6)-Id	aminoglycoside O-phosphotransferase APH(6)-Id	core	AMR	AMR	AMINOGLYCOSIDE	STREPTOMYCIN	EXACTX	278	278	100.0	100.0	278	WP_000480968.1	aminoglycoside O-phosphotransferase APH(6)-Id			470.7962
	accn|470.7962.con.0050	17	547	-	ant(2'')-Ia	aminoglycoside nucleotidyltransferase ANT(2'')-Ia	core	AMR	AMR	AMINOGLYCOSIDE	GENTAMICIN/KANAMYCIN/TOBRAMYCIN	BLASTX	177	177	100.0	98.31	177	WP_000381803.1	aminoglycoside nucleotidyltransferase ANT(2'')-Ia			470.7962
	accn|470.7965.con.0005	213927	215075	-	blaADC-26	extended-spectrum class C beta-lactamase ADC-26	core	AMR	AMR	BETA-LACTAM	CEPHALOSPORIN	ALLELEX	383	383	100.0	100.0	383	WP_001211238.1	extended-spectrum class C beta-lactamase ADC-26			470.7965
	accn|470.7965.con.0054	67	879	+	aph(3')-Ia	aminoglycoside O-phosphotransferase APH(3')-Ia	core	AMR	AMR	AMINOGLYCOSIDE	KANAMYCIN	EXACTX	271	271	100.0	100.0	271	WP_000018326.1	aminoglycoside O-phosphotransferase APH(3')-Ia			470.7965
	accn|470.7965.con.0060	148	960	+	sul2	sulfonamide-resistant dihydropteroate synthase Sul2	core	AMR	AMR	SULFONAMIDE	SULFONAMIDE	EXACTX	271	271	100.0	100.0	271	WP_001043260.1	sulfonamide-resistant dihydropteroate synthase Sul2			470.7965
	accn|470.7975.con.0049	84	1268	-	tet(39)	tetracycline efflux MFS transporter Tet(39)	core	AMR	AMR	TETRACYCLINE	TETRACYCLINE	EXACTX	395	395	100.0	100.0	395	WP_004856455.1	tetracycline efflux MFS transporter Tet(39)			470.7975
	accn|470.7975.con.0056	67	879	+	aph(3')-Ia	aminoglycoside O-phosphotransferase APH(3')-Ia	core	AMR	AMR	AMINOGLYCOSIDE	KANAMYCIN	EXACTX	271	271	100.0	100.0	271	WP_000018326.1	aminoglycoside O-phosphotransferase APH(3')-Ia			470.7975
	accn|470.7979.con.0014	80876	81697	+	blaOXA-100	OXA-51 family carbapenem-hydrolyzing class D beta-lactamase OXA-100	core	AMR	AMR	BETA-LACTAM	CARBAPENEM	ALLELEX	274	274	100.0	100.0	274	WP_001021795.1	OXA-51 family carbapenem-hydrolyzing class D beta-lactamase OXA-100			470.7979
	accn|470.7979.con.0065	674	1204	-	ant(2'')-Ia	aminoglycoside nucleotidyltransferase ANT(2'')-Ia	core	AMR	AMR	AMINOGLYCOSIDE	GENTAMICIN/KANAMYCIN/TOBRAMYCIN	BLASTX	177	177	100.0	98.31	177	WP_000381803.1	aminoglycoside nucleotidyltransferase ANT(2'')-Ia			470.7979
	accn|470.7982.con.0012	52612	53397	+	ant(3'')-IIa	aminoglycoside nucleotidyltransferase ANT(3'')-IIa	core	AMR	AMR	AMINOGLYCOSIDE	SPECTINOMYCIN/STREPTOMYCIN	EXACTX	262	262	100.0	100.0	262	WP_001279062.1	aminoglycoside nucleotidyltransferase ANT(3'')-IIa			470.7982
	accn|470.7982.con.0030	35	853	+	blaOXA-23	OXA-23 family carbapenem-hydrolyzing class D beta-lactamase OXA-23	core	AMR	AMR	BETA-LACTAM	CARBAPENEM	ALLELEX	273	273	100.0	100.0	273	WP_001046004.1	OXA-23 family carbapenem-hydrolyzing class D beta-lactamase OXA-23			470.7982
	accn|470.7984.con.0045	7986	8786	+	aph(3'')-Ib	aminoglycoside O-phosphotransferase APH(3'')-Ib	core	AMR	AMR	AMINOGLYCOSIDE	STREPTOMYCIN	EXACTX	267	267	100.0	100.0	267	WP_001082319.1	aminoglycoside O-phosphotransferase APH(3'')-Ib			470.7984
	accn|470.7984.con.0045	8789	9622	+	aph(6)-Id	aminoglycoside O-phosphotransferase APH(6)-Id	core	AMR	AMR	AMINOGLYCOSIDE	STREPTOMYCIN	EXACTX	278	278	100.0	100.0	278	WP_000480968.1	aminoglycoside O-phosphotransferase APH(6)-Id			470.7984
	accn|470.7984.con.0050	4483	5259	+	aph(3')-VIa	aminoglycoside O-phosphotransferase APH(3')-VIa	core	AMR	AMR	AMINOGLYCOSIDE	AMIKACIN/KANAMYCIN	BLASTX	259	259	100.0	99.23	259	WP_000422636.1	aminoglycoside O-phosphotransferase APH(3')-VIa			470.7984
	accn|470.7991.con.0017	96739	97557	-	blaOXA-23	OXA-23 family carbapenem-hydrolyzing class D beta-lactamase OXA-23	core	AMR	AMR	BETA-LACTAM	CARBAPENEM	ALLELEX	273	273	100.0	100.0	273	WP_001046004.1	OXA-23 family carbapenem-hydrolyzing class D beta-lactamase OXA-23			470.7991
	accn|470.7991.con.0019	34675	35460	-	ant(3'')-IIa	aminoglycoside nucleotidyltransferase ANT(3'')-IIa	core	AMR	AMR	AMINOGLYCOSIDE	SPECTINOMYCIN/STREPTOMYCIN	EXACTX	262	262	100.0	100.0	262	WP_001279068.1	aminoglycoside nucleotidyltransferase ANT(3'')-IIa			470.7991
	accn|470.7991.con.0047	927	2111	+	tet(39)	tetracycline efflux MFS transporter Tet(39)	core	AMR	AMR	TETRACYCLINE	TETRACYCLINE	EXACTX	395	395	100.0	100.0	395	WP_004856455.1	tetracycline efflux MFS transporter Tet(39)			470.7991
	accn|470.7991.con.0050	4575	5105	+	ant(2'')-Ia	aminoglycoside nucleotidyltransferase ANT(2'')-Ia	core	AMR	AMR	AMINOGLYCOSIDE	GENTAMICIN/KANAMYCIN/TOBRAMYCIN	BLASTX	177	177	100.0	98.31	177	WP_000381803.1	aminoglycoside nucleotidyltransferase ANT(2'')-Ia			470.7991
	accn|470.8007.con.0001	324656	325477	-	blaOXA-64	OXA-51 family carbapenem-hydrolyzing class D beta-lactamase OXA-64	core	AMR	AMR	BETA-LACTAM	CARBAPENEM	ALLELEX	274	274	100.0	100.0	274	WP_001021788.1	OXA-51 family carbapenem-hydrolyzing class D beta-lactamase OXA-64			470.8007
	accn|470.8007.con.0005	361	1509	+	blaADC-26	extended-spectrum class C beta-lactamase ADC-26	core	AMR	AMR	BETA-LACTAM	CEPHALOSPORIN	ALLELEX	383	383	100.0	100.0	383	WP_001211238.1	extended-spectrum class C beta-lactamase ADC-26			470.8007
	accn|470.8007.con.0018	93983	94801	-	blaOXA-23	OXA-23 family carbapenem-hydrolyzing class D beta-lactamase OXA-23	core	AMR	AMR	BETA-LACTAM	CARBAPENEM	ALLELEX	273	273	100.0	100.0	273	WP_001046004.1	OXA-23 family carbapenem-hydrolyzing class D beta-lactamase OXA-23			470.8007
	accn|470.8007.con.0055	67	879	+	aph(3')-Ia	aminoglycoside O-phosphotransferase APH(3')-Ia	core	AMR	AMR	AMINOGLYCOSIDE	KANAMYCIN	EXACTX	271	271	100.0	100.0	271	WP_000018326.1	aminoglycoside O-phosphotransferase APH(3')-Ia			470.8007
	accn|470.8008.con.0021	148	1005	-	blaTEM-1	broad-spectrum class A beta-lactamase TEM-1	core	AMR	AMR	BETA-LACTAM	BETA-LACTAM	ALLELEX	286	286	100.0	100.0	286	WP_000027057.1	broad-spectrum class A beta-lactamase TEM-1			470.8008
	accn|470.8008.con.0021	5901	6557	+	catA1	type A-1 chloramphenicol O-acetyltransferase	core	AMR	AMR	PHENICOL	CHLORAMPHENICOL	EXACTX	219	219	100.0	100.0	219	WP_000412211.1	type A-1 chloramphenicol O-acetyltransferase			470.8008
	accn|470.8008.con.0021	10409	11605	-	tet(A)	tetracycline efflux MFS transporter Tet(A)	core	AMR	AMR	TETRACYCLINE	TETRACYCLINE	EXACTX	399	399	100.0	100.0	399	WP_000804064.1	tetracycline efflux MFS transporter Tet(A)			470.8008
	accn|470.8008.con.0029	135	1298	+	blaADC-176	extended-spectrum class C beta-lactamase ADC-176	core	AMR	AMR	BETA-LACTAM	CEPHALOSPORIN	ALLELEX	388	388	100.0	100.0	388	WP_001159761.1	extended-spectrum class C beta-lactamase ADC-176			470.8008
	accn|470.8017.con.0042	702	1280	-	sul1	sulfonamide-resistant dihydropteroate synthase Sul1	core	AMR	AMR	SULFONAMIDE	SULFONAMIDE	PARTIAL_CONTIG_ENDX	193	279	69.18	100.0	193	WP_000259018.1	sulfonamide-resistant dihydropteroate synthase Sul1			470.8017
	accn|470.8017.con.0043	135	1166	+	blaADC	ADC family extended-spectrum class C beta-lactamase	core	AMR	AMR	BETA-LACTAM	CEPHALOSPORIN	PARTIAL_CONTIG_ENDX	344	388	88.66	100.0	344	WP_001159761.1	extended-spectrum class C beta-lactamase ADC-176			470.8017
	accn|470.8024.con.0012	80293	81078	+	ant(3'')-IIa	aminoglycoside nucleotidyltransferase ANT(3'')-IIa	core	AMR	AMR	AMINOGLYCOSIDE	SPECTINOMYCIN/STREPTOMYCIN	EXACTX	262	262	100.0	100.0	262	WP_001279062.1	aminoglycoside nucleotidyltransferase ANT(3'')-IIa			470.8024
	accn|470.8024.con.0040	267	1085	+	blaOXA-23	OXA-23 family carbapenem-hydrolyzing class D beta-lactamase OXA-23	core	AMR	AMR	BETA-LACTAM	CARBAPENEM	ALLELEX	273	273	100.0	100.0	273	WP_001046004.1	OXA-23 family carbapenem-hydrolyzing class D beta-lactamase OXA-23			470.8024
	accn|470.8031.con.0001	359830	360651	-	blaOXA-64	OXA-51 family carbapenem-hydrolyzing class D beta-lactamase OXA-64	core	AMR	AMR	BETA-LACTAM	CARBAPENEM	ALLELEX	274	274	100.0	100.0	274	WP_001021788.1	OXA-51 family carbapenem-hydrolyzing class D beta-lactamase OXA-64			470.8031
	accn|470.8031.con.0005	361	1509	+	blaADC-26	extended-spectrum class C beta-lactamase ADC-26	core	AMR	AMR	BETA-LACTAM	CEPHALOSPORIN	ALLELEX	383	383	100.0	100.0	383	WP_001211238.1	extended-spectrum class C beta-lactamase ADC-26			470.8031
	accn|470.8031.con.0053	176	1360	-	tet(39)	tetracycline efflux MFS transporter Tet(39)	core	AMR	AMR	TETRACYCLINE	TETRACYCLINE	EXACTX	395	395	100.0	100.0	395	WP_004856455.1	tetracycline efflux MFS transporter Tet(39)			470.8031
	accn|470.8031.con.0060	2064	2876	-	aph(3')-Ia	aminoglycoside O-phosphotransferase APH(3')-Ia	core	AMR	AMR	AMINOGLYCOSIDE	KANAMYCIN	EXACTX	271	271	100.0	100.0	271	WP_000018326.1	aminoglycoside O-phosphotransferase APH(3')-Ia			470.8031
	accn|470.8031.con.0066	1393	2205	-	sul2	sulfonamide-resistant dihydropteroate synthase Sul2	core	AMR	AMR	SULFONAMIDE	SULFONAMIDE	EXACTX	271	271	100.0	100.0	271	WP_001043260.1	sulfonamide-resistant dihydropteroate synthase Sul2			470.8031
	accn|470.8041.con.0012	80293	81078	+	ant(3'')-IIa	aminoglycoside nucleotidyltransferase ANT(3'')-IIa	core	AMR	AMR	AMINOGLYCOSIDE	SPECTINOMYCIN/STREPTOMYCIN	EXACTX	262	262	100.0	100.0	262	WP_001279062.1	aminoglycoside nucleotidyltransferase ANT(3'')-IIa			470.8041
	accn|470.8041.con.0064	154	930	-	aph(3')-VIa	aminoglycoside O-phosphotransferase APH(3')-VIa	core	AMR	AMR	AMINOGLYCOSIDE	AMIKACIN/KANAMYCIN	EXACTX	259	259	100.0	100.0	259	WP_000422636.1	aminoglycoside O-phosphotransferase APH(3')-VIa			470.8041
	accn|470.8047.con.0024	148	1005	-	blaTEM-1	broad-spectrum class A beta-lactamase TEM-1	core	AMR	AMR	BETA-LACTAM	BETA-LACTAM	ALLELEX	286	286	100.0	100.0	286	WP_000027057.1	broad-spectrum class A beta-lactamase TEM-1			470.8047
	accn|470.8047.con.0024	5901	6557	+	catA1	type A-1 chloramphenicol O-acetyltransferase	core	AMR	AMR	PHENICOL	CHLORAMPHENICOL	EXACTX	219	219	100.0	100.0	219	WP_000412211.1	type A-1 chloramphenicol O-acetyltransferase			470.8047
	accn|470.8047.con.0024	10409	11605	-	tet(A)	tetracycline efflux MFS transporter Tet(A)	core	AMR	AMR	TETRACYCLINE	TETRACYCLINE	EXACTX	399	399	100.0	100.0	399	WP_000804064.1	tetracycline efflux MFS transporter Tet(A)			470.8047
	accn|470.8062.con.0001	405403	406551	-	blaADC-30	extended-spectrum class C beta-lactamase ADC-30	core	AMR	AMR	BETA-LACTAM	CEPHALOSPORIN	ALLELEX	383	383	100.0	100.0	383	WP_001211218.1	extended-spectrum class C beta-lactamase ADC-30			470.8062
	accn|470.8062.con.0008	82448	83269	+	blaOXA-66	OXA-51 family carbapenem-hydrolyzing class D beta-lactamase OXA-66	core	AMR	AMR	BETA-LACTAM	CARBAPENEM	ALLELEX	274	274	100.0	100.0	274	WP_001021792.1	OXA-51 family carbapenem-hydrolyzing class D beta-lactamase OXA-66			470.8062
	accn|470.8062.con.0009	127911	128696	+	ant(3'')-IIa	aminoglycoside nucleotidyltransferase ANT(3'')-IIa	core	AMR	AMR	AMINOGLYCOSIDE	SPECTINOMYCIN/STREPTOMYCIN	BLASTX	262	262	100.0	98.85	262	WP_001279062.1	aminoglycoside nucleotidyltransferase ANT(3'')-IIa			470.8062
	accn|470.8062.con.0067	675	1487	-	aph(3')-Ia	aminoglycoside O-phosphotransferase APH(3')-Ia	core	AMR	AMR	AMINOGLYCOSIDE	KANAMYCIN	EXACTX	271	271	100.0	100.0	271	WP_000018326.1	aminoglycoside O-phosphotransferase APH(3')-Ia			470.8062
	accn|470.8062.con.0077	175	723	+	aacA16	AAC(6')-Ia family aminoglycoside 6'-N-acetyltransferase AacA16	core	AMR	AMR	AMINOGLYCOSIDE	AMINOGLYCOSIDE	ALLELEX	183	183	100.0	100.0	183	WP_001109644.1	AAC(6')-Ia family aminoglycoside 6'-N-acetyltransferase AacA16			470.8062
	accn|470.8063.con.0050	170	946	+	aph(3')-VIa	aminoglycoside O-phosphotransferase APH(3')-VIa	core	AMR	AMR	AMINOGLYCOSIDE	AMIKACIN/KANAMYCIN	EXACTX	259	259	100.0	100.0	259	WP_000422636.1	aminoglycoside O-phosphotransferase APH(3')-VIa			470.8063
	accn|470.8064.con.0028	26551	27372	+	blaOXA-69	OXA-51 family carbapenem-hydrolyzing class D beta-lactamase OXA-69	core	AMR	AMR	BETA-LACTAM	CARBAPENEM	ALLELEX	274	274	100.0	100.0	274	WP_001021779.1	OXA-51 family carbapenem-hydrolyzing class D beta-lactamase OXA-69			470.8064
	accn|470.8064.con.0045	5477	6007	+	ant(2'')-Ia	aminoglycoside nucleotidyltransferase ANT(2'')-Ia	core	AMR	AMR	AMINOGLYCOSIDE	GENTAMICIN/KANAMYCIN/TOBRAMYCIN	BLASTX	177	177	100.0	98.31	177	WP_000381803.1	aminoglycoside nucleotidyltransferase ANT(2'')-Ia			470.8064
	accn|470.8065.con.0019	34736	35671	+	blaADC	ADC family extended-spectrum class C beta-lactamase	core	AMR	AMR	BETA-LACTAM	CEPHALOSPORIN	PARTIAL_CONTIG_ENDX	312	383	81.46	100.0	312	WP_001211205.1	extended-spectrum class C beta-lactamase ADC-11			470.8065
	accn|470.8065.con.0033	1851	2312	+	aac(3)-Ia	aminoglycoside N-acetyltransferase AAC(3)-Ia	core	AMR	AMR	AMINOGLYCOSIDE	GENTAMICIN	EXACTX	154	154	100.0	100.0	154	WP_002089484.1	aminoglycoside N-acetyltransferase AAC(3)-Ia			470.8065
	accn|470.8065.con.0033	3359	4147	+	aadA1	ANT(3'')-Ia family aminoglycoside nucleotidyltransferase AadA1	core	AMR	AMR	AMINOGLYCOSIDE	STREPTOMYCIN	EXACTX	263	263	100.0	100.0	263	WP_001206316.1	ANT(3'')-Ia family aminoglycoside nucleotidyltransferase AadA1			470.8065
	accn|470.8065.con.0033	4314	4658	+	qacEdelta1	quaternary ammonium compound efflux SMR transporter QacE delta 1	core	STRESS	BIOCIDE	QUATERNARY AMMONIUM	QUATERNARY AMMONIUM	ALLELEX	115	115	100.0	100.0	115	WP_000679427.1	quaternary ammonium compound efflux SMR transporter QacE delta 1			470.8065
	accn|470.8066.con.0048	1	438	+	aadA1	ANT(3'')-Ia family aminoglycoside nucleotidyltransferase AadA1	core	AMR	AMR	AMINOGLYCOSIDE	STREPTOMYCIN	PARTIAL_CONTIG_ENDX	146	263	55.51	100.0	146	WP_001206316.1	ANT(3'')-Ia family aminoglycoside nucleotidyltransferase AadA1			470.8066
	accn|470.8066.con.0048	605	949	+	qacEdelta1	quaternary ammonium compound efflux SMR transporter QacE delta 1	core	STRESS	BIOCIDE	QUATERNARY AMMONIUM	QUATERNARY AMMONIUM	ALLELEX	115	115	100.0	100.0	115	WP_000679427.1	quaternary ammonium compound efflux SMR transporter QacE delta 1			470.8066
	accn|470.8066.con.0048	946	1782	+	sul1	sulfonamide-resistant dihydropteroate synthase Sul1	core	AMR	AMR	SULFONAMIDE	SULFONAMIDE	EXACTX	279	279	100.0	100.0	279	WP_000259031.1	sulfonamide-resistant dihydropteroate synthase Sul1			470.8066
	accn|470.8067.con.0001	479847	480668	-	blaOXA-855	OXA-51 family carbapenem-hydrolyzing class D beta-lactamase OXA-855	core	AMR	AMR	BETA-LACTAM	CARBAPENEM	ALLELEX	274	274	100.0	100.0	274	WP_032061328.1	OXA-51 family carbapenem-hydrolyzing class D beta-lactamase OXA-855			470.8067
	accn|470.8067.con.0018	10037	10849	-	sul2	sulfonamide-resistant dihydropteroate synthase Sul2	core	AMR	AMR	SULFONAMIDE	SULFONAMIDE	EXACTX	271	271	100.0	100.0	271	WP_001043260.1	sulfonamide-resistant dihydropteroate synthase Sul2			470.8067
	accn|470.8067.con.0018	13262	13732	+	dfrA1	trimethoprim-resistant dihydrofolate reductase DfrA1	core	AMR	AMR	TRIMETHOPRIM	TRIMETHOPRIM	EXACTX	157	157	100.0	100.0	157	WP_000777554.1	trimethoprim-resistant dihydrofolate reductase DfrA1			470.8067
	accn|470.8067.con.0018	13830	14351	+	sat2	streptothricin N-acetyltransferase Sat2	core	AMR	AMR	STREPTOTHRICIN	STREPTOTHRICIN	EXACTX	174	174	100.0	100.0	174	WP_000704156.1	streptothricin N-acetyltransferase Sat2			470.8067
	accn|470.8067.con.0018	14412	15197	+	aadA1	ANT(3'')-Ia family aminoglycoside nucleotidyltransferase AadA1	core	AMR	AMR	AMINOGLYCOSIDE	STREPTOMYCIN	EXACTX	262	262	100.0	100.0	262	WP_001206315.1	ANT(3'')-Ia family aminoglycoside nucleotidyltransferase AadA1			470.8067
	accn|470.8067.con.0019	198	728	+	ant(2'')-Ia	aminoglycoside nucleotidyltransferase ANT(2'')-Ia	core	AMR	AMR	AMINOGLYCOSIDE	GENTAMICIN/KANAMYCIN/TOBRAMYCIN	EXACTX	177	177	100.0	100.0	177	WP_000381802.1	aminoglycoside nucleotidyltransferase ANT(2'')-Ia			470.8067
	accn|470.8067.con.0019	782	1594	+	aph(3')-Ia	aminoglycoside O-phosphotransferase APH(3')-Ia	core	AMR	AMR	AMINOGLYCOSIDE	KANAMYCIN	EXACTX	271	271	100.0	100.0	271	WP_000018326.1	aminoglycoside O-phosphotransferase APH(3')-Ia			470.8067
	accn|470.8067.con.0020	3667	4443	-	aph(3')-VIa	aminoglycoside O-phosphotransferase APH(3')-VIa	core	AMR	AMR	AMINOGLYCOSIDE	AMIKACIN/KANAMYCIN	BLASTX	259	259	100.0	99.23	259	WP_000422636.1	aminoglycoside O-phosphotransferase APH(3')-VIa			470.8067
	accn|470.8069.con.0013	43778	44977	-	tet(B)	tetracycline efflux MFS transporter Tet(B)	core	AMR	AMR	TETRACYCLINE	TETRACYCLINE	BLASTX	400	401	99.75	100.0	400	WP_001089072.1	tetracycline efflux MFS transporter Tet(B)			470.8069
	accn|470.8069.con.0013	48353	49186	-	aph(6)-Id	aminoglycoside O-phosphotransferase APH(6)-Id	core	AMR	AMR	AMINOGLYCOSIDE	STREPTOMYCIN	EXACTX	278	278	100.0	100.0	278	WP_000480968.1	aminoglycoside O-phosphotransferase APH(6)-Id			470.8069
	accn|470.8069.con.0013	49189	49989	-	aph(3'')-Ib	aminoglycoside O-phosphotransferase APH(3'')-Ib	core	AMR	AMR	AMINOGLYCOSIDE	STREPTOMYCIN	EXACTX	267	267	100.0	100.0	267	WP_001082319.1	aminoglycoside O-phosphotransferase APH(3'')-Ib			470.8069
	accn|470.8069.con.0058	452	1264	-	aph(3')-Ia	aminoglycoside O-phosphotransferase APH(3')-Ia	core	AMR	AMR	AMINOGLYCOSIDE	KANAMYCIN	EXACTX	271	271	100.0	100.0	271	WP_000018326.1	aminoglycoside O-phosphotransferase APH(3')-Ia			470.8069
	accn|470.8071.con.0064	148	960	+	sul2	sulfonamide-resistant dihydropteroate synthase Sul2	core	AMR	AMR	SULFONAMIDE	SULFONAMIDE	EXACTX	271	271	100.0	100.0	271	WP_001043260.1	sulfonamide-resistant dihydropteroate synthase Sul2			470.8071
	accn|470.8075.con.0026	87	1235	+	blaADC-140	extended-spectrum class C beta-lactamase ADC-140	core	AMR	AMR	BETA-LACTAM	CEPHALOSPORIN	ALLELEX	383	383	100.0	100.0	383	WP_001211209.1	extended-spectrum class C beta-lactamase ADC-140			470.8075
	accn|470.8075.con.0063	984	1445	-	aac(3)-Ia	aminoglycoside N-acetyltransferase AAC(3)-Ia	core	AMR	AMR	AMINOGLYCOSIDE	GENTAMICIN	EXACTX	154	154	100.0	100.0	154	WP_002089484.1	aminoglycoside N-acetyltransferase AAC(3)-Ia			470.8075
	accn|470.8076.con.0017	54827	55612	+	ant(3'')-IIa	aminoglycoside nucleotidyltransferase ANT(3'')-IIa	core	AMR	AMR	AMINOGLYCOSIDE	SPECTINOMYCIN/STREPTOMYCIN	EXACTX	262	262	100.0	100.0	262	WP_001279068.1	aminoglycoside nucleotidyltransferase ANT(3'')-IIa			470.8076
	accn|470.8076.con.0049	7986	8786	+	aph(3'')-Ib	aminoglycoside O-phosphotransferase APH(3'')-Ib	core	AMR	AMR	AMINOGLYCOSIDE	STREPTOMYCIN	EXACTX	267	267	100.0	100.0	267	WP_001082319.1	aminoglycoside O-phosphotransferase APH(3'')-Ib			470.8076
	accn|470.8076.con.0049	8789	9622	+	aph(6)-Id	aminoglycoside O-phosphotransferase APH(6)-Id	core	AMR	AMR	AMINOGLYCOSIDE	STREPTOMYCIN	EXACTX	278	278	100.0	100.0	278	WP_000480968.1	aminoglycoside O-phosphotransferase APH(6)-Id			470.8076
	accn|470.8077.con.0048	96	908	+	sul2	sulfonamide-resistant dihydropteroate synthase Sul2	core	AMR	AMR	SULFONAMIDE	SULFONAMIDE	EXACTX	271	271	100.0	100.0	271	WP_001043260.1	sulfonamide-resistant dihydropteroate synthase Sul2			470.8077
	accn|470.8079.con.0005	143543	144364	-	blaOXA-66	OXA-51 family carbapenem-hydrolyzing class D beta-lactamase OXA-66	core	AMR	AMR	BETA-LACTAM	CARBAPENEM	ALLELEX	274	274	100.0	100.0	274	WP_001021792.1	OXA-51 family carbapenem-hydrolyzing class D beta-lactamase OXA-66			470.8079
	accn|470.8079.con.0006	145769	146554	+	ant(3'')-IIa	aminoglycoside nucleotidyltransferase ANT(3'')-IIa	core	AMR	AMR	AMINOGLYCOSIDE	SPECTINOMYCIN/STREPTOMYCIN	EXACTX	262	262	100.0	100.0	262	WP_001279073.1	aminoglycoside nucleotidyltransferase ANT(3'')-IIa			470.8079
	accn|470.8079.con.0019	217	1416	-	tet(B)	tetracycline efflux MFS transporter Tet(B)	core	AMR	AMR	TETRACYCLINE	TETRACYCLINE	BLASTX	400	401	99.75	100.0	400	WP_001089072.1	tetracycline efflux MFS transporter Tet(B)			470.8079
	accn|470.8079.con.0019	4792	5625	-	aph(6)-Id	aminoglycoside O-phosphotransferase APH(6)-Id	core	AMR	AMR	AMINOGLYCOSIDE	STREPTOMYCIN	EXACTX	278	278	100.0	100.0	278	WP_000480968.1	aminoglycoside O-phosphotransferase APH(6)-Id			470.8079
	accn|470.8079.con.0019	5628	6428	-	aph(3'')-Ib	aminoglycoside O-phosphotransferase APH(3'')-Ib	core	AMR	AMR	AMINOGLYCOSIDE	STREPTOMYCIN	EXACTX	267	267	100.0	100.0	267	WP_001082319.1	aminoglycoside O-phosphotransferase APH(3'')-Ib			470.8079
	accn|470.8081.con.0055	1537	2394	+	blaTEM-1	broad-spectrum class A beta-lactamase TEM-1	core	AMR	AMR	BETA-LACTAM	BETA-LACTAM	ALLELEX	286	286	100.0	100.0	286	WP_000027057.1	broad-spectrum class A beta-lactamase TEM-1			470.8081
	accn|470.8082.con.0050	35	853	+	blaOXA-23	OXA-23 family carbapenem-hydrolyzing class D beta-lactamase OXA-23	core	AMR	AMR	BETA-LACTAM	CARBAPENEM	ALLELEX	273	273	100.0	100.0	273	WP_001046004.1	OXA-23 family carbapenem-hydrolyzing class D beta-lactamase OXA-23			470.8082
	accn|470.8083.con.0011	56710	57546	-	sul1	sulfonamide-resistant dihydropteroate synthase Sul1	core	AMR	AMR	SULFONAMIDE	SULFONAMIDE	EXACTX	279	279	100.0	100.0	279	WP_000259031.1	sulfonamide-resistant dihydropteroate synthase Sul1			470.8083
	accn|470.8083.con.0011	57543	57887	-	qacEdelta1	quaternary ammonium compound efflux SMR transporter QacE delta 1	core	STRESS	BIOCIDE	QUATERNARY AMMONIUM	QUATERNARY AMMONIUM	ALLELEX	115	115	100.0	100.0	115	WP_000679427.1	quaternary ammonium compound efflux SMR transporter QacE delta 1			470.8083
	accn|470.8083.con.0011	58047	58577	-	ant(2'')-Ia	aminoglycoside nucleotidyltransferase ANT(2'')-Ia	core	AMR	AMR	AMINOGLYCOSIDE	GENTAMICIN/KANAMYCIN/TOBRAMYCIN	EXACTX	177	177	100.0	100.0	177	WP_000381803.1	aminoglycoside nucleotidyltransferase ANT(2'')-Ia			470.8083
	accn|470.8083.con.0011	66008	67204	+	tet(A)	tetracycline efflux MFS transporter Tet(A)	core	AMR	AMR	TETRACYCLINE	TETRACYCLINE	BLASTX	399	399	100.0	99.75	399	WP_063855982.1	tetracycline efflux MFS transporter Tet(A)			470.8083
	accn|470.8083.con.0011	88137	88922	+	ant(3'')-IIa	aminoglycoside nucleotidyltransferase ANT(3'')-IIa	core	AMR	AMR	AMINOGLYCOSIDE	SPECTINOMYCIN/STREPTOMYCIN	BLASTX	262	262	100.0	98.47	262	WP_001112624.1	aminoglycoside nucleotidyltransferase ANT(3'')-IIa			470.8083
	accn|470.8083.con.0027	7102	7923	-	blaOXA-312	OXA-51 family carbapenem-hydrolyzing class D beta-lactamase OXA-312	core	AMR	AMR	BETA-LACTAM	CARBAPENEM	ALLELEX	274	274	100.0	100.0	274	WP_001021787.1	OXA-51 family carbapenem-hydrolyzing class D beta-lactamase OXA-312			470.8083
	accn|470.8084.con.0001	317606	318754	-	blaADC-79	extended-spectrum class C beta-lactamase ADC-79	core	AMR	AMR	BETA-LACTAM	CEPHALOSPORIN	ALLELEX	383	383	100.0	100.0	383	WP_001159760.1	extended-spectrum class C beta-lactamase ADC-79			470.8084
	accn|470.8084.con.0009	108101	108937	-	sul1	sulfonamide-resistant dihydropteroate synthase Sul1	core	AMR	AMR	SULFONAMIDE	SULFONAMIDE	EXACTX	279	279	100.0	100.0	279	WP_000259031.1	sulfonamide-resistant dihydropteroate synthase Sul1			470.8084
	accn|470.8084.con.0009	108934	109278	-	qacEdelta1	quaternary ammonium compound efflux SMR transporter QacE delta 1	core	STRESS	BIOCIDE	QUATERNARY AMMONIUM	QUATERNARY AMMONIUM	ALLELEX	115	115	100.0	100.0	115	WP_000679427.1	quaternary ammonium compound efflux SMR transporter QacE delta 1			470.8084
	accn|470.8084.con.0009	109438	109968	-	ant(2'')-Ia	aminoglycoside nucleotidyltransferase ANT(2'')-Ia	core	AMR	AMR	AMINOGLYCOSIDE	GENTAMICIN/KANAMYCIN/TOBRAMYCIN	EXACTX	177	177	100.0	100.0	177	WP_000381803.1	aminoglycoside nucleotidyltransferase ANT(2'')-Ia			470.8084
	accn|470.8084.con.0009	117399	118595	+	tet(A)	tetracycline efflux MFS transporter Tet(A)	core	AMR	AMR	TETRACYCLINE	TETRACYCLINE	BLASTX	399	399	100.0	99.75	399	WP_063855982.1	tetracycline efflux MFS transporter Tet(A)			470.8084
	accn|470.8084.con.0009	139528	140313	+	ant(3'')-IIa	aminoglycoside nucleotidyltransferase ANT(3'')-IIa	core	AMR	AMR	AMINOGLYCOSIDE	SPECTINOMYCIN/STREPTOMYCIN	BLASTX	262	262	100.0	98.47	262	WP_001112624.1	aminoglycoside nucleotidyltransferase ANT(3'')-IIa			470.8084
	accn|470.8084.con.0016	7102	7923	-	blaOXA-71	OXA-51 family carbapenem-hydrolyzing class D beta-lactamase OXA-71	core	AMR	AMR	BETA-LACTAM	CARBAPENEM	ALLELEX	274	274	100.0	100.0	274	WP_001021785.1	OXA-51 family carbapenem-hydrolyzing class D beta-lactamase OXA-71			470.8084
	accn|470.8085.con.0016	128	1327	-	tet(B)	tetracycline efflux MFS transporter Tet(B)	core	AMR	AMR	TETRACYCLINE	TETRACYCLINE	BLASTX	400	401	99.75	100.0	400	WP_001089072.1	tetracycline efflux MFS transporter Tet(B)			470.8085
	accn|470.8085.con.0016	4703	5536	-	aph(6)-Id	aminoglycoside O-phosphotransferase APH(6)-Id	core	AMR	AMR	AMINOGLYCOSIDE	STREPTOMYCIN	EXACTX	278	278	100.0	100.0	278	WP_000480968.1	aminoglycoside O-phosphotransferase APH(6)-Id			470.8085
	accn|470.8085.con.0016	5539	6339	-	aph(3'')-Ib	aminoglycoside O-phosphotransferase APH(3'')-Ib	core	AMR	AMR	AMINOGLYCOSIDE	STREPTOMYCIN	EXACTX	267	267	100.0	100.0	267	WP_001082319.1	aminoglycoside O-phosphotransferase APH(3'')-Ib			470.8085
	accn|470.8085.con.0030	6466	7302	-	sul1	sulfonamide-resistant dihydropteroate synthase Sul1	core	AMR	AMR	SULFONAMIDE	SULFONAMIDE	EXACTX	279	279	100.0	100.0	279	WP_000259031.1	sulfonamide-resistant dihydropteroate synthase Sul1			470.8085
	accn|470.8085.con.0030	7299	7643	-	qacEdelta1	quaternary ammonium compound efflux SMR transporter QacE delta 1	core	STRESS	BIOCIDE	QUATERNARY AMMONIUM	QUATERNARY AMMONIUM	ALLELEX	115	115	100.0	100.0	115	WP_000679427.1	quaternary ammonium compound efflux SMR transporter QacE delta 1			470.8085
	accn|470.8085.con.0030	7810	8598	-	aadA1	ANT(3'')-Ia family aminoglycoside nucleotidyltransferase AadA1	core	AMR	AMR	AMINOGLYCOSIDE	STREPTOMYCIN	EXACTX	263	263	100.0	100.0	263	WP_001206316.1	ANT(3'')-Ia family aminoglycoside nucleotidyltransferase AadA1			470.8085
	accn|470.8085.con.0030	10183	10644	-	aac(3)-Ia	aminoglycoside N-acetyltransferase AAC(3)-Ia	core	AMR	AMR	AMINOGLYCOSIDE	GENTAMICIN	EXACTX	154	154	100.0	100.0	154	WP_002089484.1	aminoglycoside N-acetyltransferase AAC(3)-Ia			470.8085
	accn|470.8086.con.0010	108036	108872	-	sul1	sulfonamide-resistant dihydropteroate synthase Sul1	core	AMR	AMR	SULFONAMIDE	SULFONAMIDE	EXACTX	279	279	100.0	100.0	279	WP_000259031.1	sulfonamide-resistant dihydropteroate synthase Sul1			470.8086
	accn|470.8086.con.0010	108869	109213	-	qacEdelta1	quaternary ammonium compound efflux SMR transporter QacE delta 1	core	STRESS	BIOCIDE	QUATERNARY AMMONIUM	QUATERNARY AMMONIUM	ALLELEX	115	115	100.0	100.0	115	WP_000679427.1	quaternary ammonium compound efflux SMR transporter QacE delta 1			470.8086
	accn|470.8086.con.0010	109373	109903	-	ant(2'')-Ia	aminoglycoside nucleotidyltransferase ANT(2'')-Ia	core	AMR	AMR	AMINOGLYCOSIDE	GENTAMICIN/KANAMYCIN/TOBRAMYCIN	EXACTX	177	177	100.0	100.0	177	WP_000381803.1	aminoglycoside nucleotidyltransferase ANT(2'')-Ia			470.8086
	accn|470.8086.con.0010	117334	118530	+	tet(A)	tetracycline efflux MFS transporter Tet(A)	core	AMR	AMR	TETRACYCLINE	TETRACYCLINE	BLASTX	399	399	100.0	99.75	399	WP_063855982.1	tetracycline efflux MFS transporter Tet(A)			470.8086
	accn|470.8086.con.0010	139463	140248	+	ant(3'')-IIa	aminoglycoside nucleotidyltransferase ANT(3'')-IIa	core	AMR	AMR	AMINOGLYCOSIDE	SPECTINOMYCIN/STREPTOMYCIN	BLASTX	262	262	100.0	98.47	262	WP_001112624.1	aminoglycoside nucleotidyltransferase ANT(3'')-IIa			470.8086
	accn|470.8086.con.0044	154	930	-	aph(3')-VIa	aminoglycoside O-phosphotransferase APH(3')-VIa	core	AMR	AMR	AMINOGLYCOSIDE	AMIKACIN/KANAMYCIN	EXACTX	259	259	100.0	100.0	259	WP_000422636.1	aminoglycoside O-phosphotransferase APH(3')-VIa			470.8086
	accn|470.8087.con.0002	242959	243780	-	blaOXA-69	OXA-51 family carbapenem-hydrolyzing class D beta-lactamase OXA-69	core	AMR	AMR	BETA-LACTAM	CARBAPENEM	ALLELEX	274	274	100.0	100.0	274	WP_001021779.1	OXA-51 family carbapenem-hydrolyzing class D beta-lactamase OXA-69			470.8087
	accn|470.8087.con.0010	368	898	+	ant(2'')-Ia	aminoglycoside nucleotidyltransferase ANT(2'')-Ia	core	AMR	AMR	AMINOGLYCOSIDE	GENTAMICIN/KANAMYCIN/TOBRAMYCIN	EXACTX	177	177	100.0	100.0	177	WP_000381802.1	aminoglycoside nucleotidyltransferase ANT(2'')-Ia			470.8087
	accn|470.8087.con.0010	1156	2412	+	cmlA1	chloramphenicol efflux MFS transporter CmlA1	core	AMR	AMR	PHENICOL	CHLORAMPHENICOL	BLASTX	419	419	100.0	99.52	419	WP_001256776.1	chloramphenicol efflux MFS transporter CmlA1			470.8087
	accn|470.8087.con.0010	2508	3296	+	aadA2	ANT(3'')-Ia family aminoglycoside nucleotidyltransferase AadA2	core	AMR	AMR	AMINOGLYCOSIDE	STREPTOMYCIN	EXACTX	263	263	100.0	100.0	263	WP_001261740.1	ANT(3'')-Ia family aminoglycoside nucleotidyltransferase AadA2			470.8087
	accn|470.8087.con.0010	3329	4129	+	aph(3'')-Ib	aminoglycoside O-phosphotransferase APH(3'')-Ib	core	AMR	AMR	AMINOGLYCOSIDE	STREPTOMYCIN	BLASTX	267	267	100.0	98.5	267	WP_001082319.1	aminoglycoside O-phosphotransferase APH(3'')-Ib			470.8087
	accn|470.8087.con.0010	4132	4965	+	aph(6)-Id	aminoglycoside O-phosphotransferase APH(6)-Id	core	AMR	AMR	AMINOGLYCOSIDE	STREPTOMYCIN	BLASTX	278	278	100.0	99.64	278	WP_000480968.1	aminoglycoside O-phosphotransferase APH(6)-Id			470.8087
	accn|470.8087.con.0010	6187	7047	+	blaGES-11	extended-spectrum class A beta-lactamase GES-11	core	AMR	AMR	BETA-LACTAM	CEPHALOSPORIN	ALLELEX	287	287	100.0	100.0	287	WP_001211000.1	extended-spectrum class A beta-lactamase GES-11			470.8087
	accn|470.8087.con.0010	7188	7739	+	aac(6')-Ib3	aminoglycoside N-acetyltransferase AAC(6')-Ib3	core	AMR	AMR	AMINOGLYCOSIDE	AMIKACIN/KANAMYCIN/TOBRAMYCIN	ALLELEX	184	184	100.0	100.0	184	WP_032488579.1	aminoglycoside N-acetyltransferase AAC(6')-Ib3			470.8087
	accn|470.8087.con.0010	7824	8294	+	dfrA7	trimethoprim-resistant dihydrofolate reductase DfrA7	core	AMR	AMR	TRIMETHOPRIM	TRIMETHOPRIM	EXACTX	157	157	100.0	100.0	157	WP_000703418.1	trimethoprim-resistant dihydrofolate reductase DfrA7			470.8087
	accn|470.8087.con.0010	8527	8871	+	qacEdelta1	quaternary ammonium compound efflux SMR transporter QacE delta 1	core	STRESS	BIOCIDE	QUATERNARY AMMONIUM	QUATERNARY AMMONIUM	ALLELEX	115	115	100.0	100.0	115	WP_000679427.1	quaternary ammonium compound efflux SMR transporter QacE delta 1			470.8087
	accn|470.8087.con.0010	8868	9704	+	sul1	sulfonamide-resistant dihydropteroate synthase Sul1	core	AMR	AMR	SULFONAMIDE	SULFONAMIDE	EXACTX	279	279	100.0	100.0	279	WP_000259031.1	sulfonamide-resistant dihydropteroate synthase Sul1			470.8087
	accn|470.8087.con.0011	34928	35713	-	ant(3'')-IIa	aminoglycoside nucleotidyltransferase ANT(3'')-IIa	core	AMR	AMR	AMINOGLYCOSIDE	SPECTINOMYCIN/STREPTOMYCIN	EXACTX	262	262	100.0	100.0	262	WP_001279062.1	aminoglycoside nucleotidyltransferase ANT(3'')-IIa			470.8087
	accn|470.8088.con.0032	7052	7873	-	blaOXA-312	OXA-51 family carbapenem-hydrolyzing class D beta-lactamase OXA-312	core	AMR	AMR	BETA-LACTAM	CARBAPENEM	ALLELEX	274	274	100.0	100.0	274	WP_001021787.1	OXA-51 family carbapenem-hydrolyzing class D beta-lactamase OXA-312			470.8088
	accn|470.8089.con.0014	56660	57496	-	sul1	sulfonamide-resistant dihydropteroate synthase Sul1	core	AMR	AMR	SULFONAMIDE	SULFONAMIDE	EXACTX	279	279	100.0	100.0	279	WP_000259031.1	sulfonamide-resistant dihydropteroate synthase Sul1			470.8089
	accn|470.8089.con.0014	57493	57837	-	qacEdelta1	quaternary ammonium compound efflux SMR transporter QacE delta 1	core	STRESS	BIOCIDE	QUATERNARY AMMONIUM	QUATERNARY AMMONIUM	ALLELEX	115	115	100.0	100.0	115	WP_000679427.1	quaternary ammonium compound efflux SMR transporter QacE delta 1			470.8089
	accn|470.8089.con.0014	57997	58527	-	ant(2'')-Ia	aminoglycoside nucleotidyltransferase ANT(2'')-Ia	core	AMR	AMR	AMINOGLYCOSIDE	GENTAMICIN/KANAMYCIN/TOBRAMYCIN	EXACTX	177	177	100.0	100.0	177	WP_000381803.1	aminoglycoside nucleotidyltransferase ANT(2'')-Ia			470.8089
	accn|470.8089.con.0014	65958	67154	+	tet(A)	tetracycline efflux MFS transporter Tet(A)	core	AMR	AMR	TETRACYCLINE	TETRACYCLINE	BLASTX	399	399	100.0	99.75	399	WP_063855982.1	tetracycline efflux MFS transporter Tet(A)			470.8089
	accn|470.8089.con.0014	87966	88751	+	ant(3'')-IIa	aminoglycoside nucleotidyltransferase ANT(3'')-IIa	core	AMR	AMR	AMINOGLYCOSIDE	SPECTINOMYCIN/STREPTOMYCIN	BLASTX	262	262	100.0	98.47	262	WP_001112624.1	aminoglycoside nucleotidyltransferase ANT(3'')-IIa			470.8089
	accn|470.8091.con.0003	87	1235	+	blaADC-79	extended-spectrum class C beta-lactamase ADC-79	core	AMR	AMR	BETA-LACTAM	CEPHALOSPORIN	ALLELEX	383	383	100.0	100.0	383	WP_001159760.1	extended-spectrum class C beta-lactamase ADC-79			470.8091
	accn|470.8091.con.0055	104	880	-	aph(3')-VIa	aminoglycoside O-phosphotransferase APH(3')-VIa	core	AMR	AMR	AMINOGLYCOSIDE	AMIKACIN/KANAMYCIN	EXACTX	259	259	100.0	100.0	259	WP_000422636.1	aminoglycoside O-phosphotransferase APH(3')-VIa			470.8091
	accn|470.8092.con.0011	56710	57546	-	sul1	sulfonamide-resistant dihydropteroate synthase Sul1	core	AMR	AMR	SULFONAMIDE	SULFONAMIDE	EXACTX	279	279	100.0	100.0	279	WP_000259031.1	sulfonamide-resistant dihydropteroate synthase Sul1			470.8092
	accn|470.8092.con.0011	57543	57887	-	qacEdelta1	quaternary ammonium compound efflux SMR transporter QacE delta 1	core	STRESS	BIOCIDE	QUATERNARY AMMONIUM	QUATERNARY AMMONIUM	ALLELEX	115	115	100.0	100.0	115	WP_000679427.1	quaternary ammonium compound efflux SMR transporter QacE delta 1			470.8092
	accn|470.8092.con.0011	58047	58577	-	ant(2'')-Ia	aminoglycoside nucleotidyltransferase ANT(2'')-Ia	core	AMR	AMR	AMINOGLYCOSIDE	GENTAMICIN/KANAMYCIN/TOBRAMYCIN	EXACTX	177	177	100.0	100.0	177	WP_000381803.1	aminoglycoside nucleotidyltransferase ANT(2'')-Ia			470.8092
	accn|470.8092.con.0011	66008	67204	+	tet(A)	tetracycline efflux MFS transporter Tet(A)	core	AMR	AMR	TETRACYCLINE	TETRACYCLINE	BLASTX	399	399	100.0	99.75	399	WP_063855982.1	tetracycline efflux MFS transporter Tet(A)			470.8092
	accn|470.8092.con.0011	88137	88922	+	ant(3'')-IIa	aminoglycoside nucleotidyltransferase ANT(3'')-IIa	core	AMR	AMR	AMINOGLYCOSIDE	SPECTINOMYCIN/STREPTOMYCIN	BLASTX	262	262	100.0	98.47	262	WP_001112624.1	aminoglycoside nucleotidyltransferase ANT(3'')-IIa			470.8092
	accn|470.8092.con.0027	133	954	+	blaOXA-312	OXA-51 family carbapenem-hydrolyzing class D beta-lactamase OXA-312	core	AMR	AMR	BETA-LACTAM	CARBAPENEM	ALLELEX	274	274	100.0	100.0	274	WP_001021787.1	OXA-51 family carbapenem-hydrolyzing class D beta-lactamase OXA-312			470.8092
	accn|470.8093.con.0003	389684	390832	-	blaADC-25	extended-spectrum class C beta-lactamase ADC-25	core	AMR	AMR	BETA-LACTAM	CEPHALOSPORIN	ALLELEX	383	383	100.0	100.0	383	WP_001211217.1	extended-spectrum class C beta-lactamase ADC-25			470.8093
	accn|470.8093.con.0006	379	1197	+	blaOXA-23	OXA-23 family carbapenem-hydrolyzing class D beta-lactamase OXA-23	core	AMR	AMR	BETA-LACTAM	CARBAPENEM	ALLELEX	273	273	100.0	100.0	273	WP_001046004.1	OXA-23 family carbapenem-hydrolyzing class D beta-lactamase OXA-23			470.8093
	accn|470.8093.con.0007	96837	97298	-	aac(3)-Ia	aminoglycoside N-acetyltransferase AAC(3)-Ia	core	AMR	AMR	AMINOGLYCOSIDE	GENTAMICIN	EXACTX	154	154	100.0	100.0	154	WP_002089484.1	aminoglycoside N-acetyltransferase AAC(3)-Ia			470.8093
	accn|470.8093.con.0010	35616	36401	-	ant(3'')-IIa	aminoglycoside nucleotidyltransferase ANT(3'')-IIa	core	AMR	AMR	AMINOGLYCOSIDE	SPECTINOMYCIN/STREPTOMYCIN	BLASTX	262	262	100.0	98.85	262	WP_001279062.1	aminoglycoside nucleotidyltransferase ANT(3'')-IIa			470.8093
	accn|470.8093.con.0025	148	960	+	sul2	sulfonamide-resistant dihydropteroate synthase Sul2	core	AMR	AMR	SULFONAMIDE	SULFONAMIDE	EXACTX	271	271	100.0	100.0	271	WP_001043260.1	sulfonamide-resistant dihydropteroate synthase Sul2			470.8093
	accn|470.8093.con.0025	3579	4388	-	aph(6)-Id	aminoglycoside O-phosphotransferase APH(6)-Id	core	AMR	AMR	AMINOGLYCOSIDE	STREPTOMYCIN	BLASTX	270	278	97.12	100.0	270	WP_000480968.1	aminoglycoside O-phosphotransferase APH(6)-Id			470.8093
	accn|470.8095.con.0051	2466	3617	-	blaADC-33	cefepime-hydrolyzing class C beta-lactamase ADC-33	core	AMR	AMR	BETA-LACTAM	CEPHALOSPORIN	ALLELEX	384	384	100.0	100.0	384	WP_001211220.1	cefepime-hydrolyzing class C beta-lactamase ADC-33			470.8095
	accn|470.8096.con.0027	7102	7923	-	blaOXA-312	OXA-51 family carbapenem-hydrolyzing class D beta-lactamase OXA-312	core	AMR	AMR	BETA-LACTAM	CARBAPENEM	ALLELEX	274	274	100.0	100.0	274	WP_001021787.1	OXA-51 family carbapenem-hydrolyzing class D beta-lactamase OXA-312			470.8096
	accn|470.8096.con.0047	154	930	-	aph(3')-VIa	aminoglycoside O-phosphotransferase APH(3')-VIa	core	AMR	AMR	AMINOGLYCOSIDE	AMIKACIN/KANAMYCIN	EXACTX	259	259	100.0	100.0	259	WP_000422636.1	aminoglycoside O-phosphotransferase APH(3')-VIa			470.8096
	accn|470.8097.con.0003	389336	390484	-	blaADC-79	extended-spectrum class C beta-lactamase ADC-79	core	AMR	AMR	BETA-LACTAM	CEPHALOSPORIN	ALLELEX	383	383	100.0	100.0	383	WP_001159760.1	extended-spectrum class C beta-lactamase ADC-79			470.8097
	accn|470.8099.con.0011	34859	35644	-	ant(3'')-IIa	aminoglycoside nucleotidyltransferase ANT(3'')-IIa	core	AMR	AMR	AMINOGLYCOSIDE	SPECTINOMYCIN/STREPTOMYCIN	BLASTX	262	262	100.0	98.47	262	WP_001112624.1	aminoglycoside nucleotidyltransferase ANT(3'')-IIa			470.8099
	accn|470.8099.con.0011	56577	57773	-	tet(A)	tetracycline efflux MFS transporter Tet(A)	core	AMR	AMR	TETRACYCLINE	TETRACYCLINE	BLASTX	399	399	100.0	99.75	399	WP_063855982.1	tetracycline efflux MFS transporter Tet(A)			470.8099
	accn|470.8099.con.0011	65204	65734	+	ant(2'')-Ia	aminoglycoside nucleotidyltransferase ANT(2'')-Ia	core	AMR	AMR	AMINOGLYCOSIDE	GENTAMICIN/KANAMYCIN/TOBRAMYCIN	EXACTX	177	177	100.0	100.0	177	WP_000381803.1	aminoglycoside nucleotidyltransferase ANT(2'')-Ia			470.8099
	accn|470.8099.con.0011	65894	66238	+	qacEdelta1	quaternary ammonium compound efflux SMR transporter QacE delta 1	core	STRESS	BIOCIDE	QUATERNARY AMMONIUM	QUATERNARY AMMONIUM	ALLELEX	115	115	100.0	100.0	115	WP_000679427.1	quaternary ammonium compound efflux SMR transporter QacE delta 1			470.8099
	accn|470.8099.con.0011	66235	67071	+	sul1	sulfonamide-resistant dihydropteroate synthase Sul1	core	AMR	AMR	SULFONAMIDE	SULFONAMIDE	EXACTX	279	279	100.0	100.0	279	WP_000259031.1	sulfonamide-resistant dihydropteroate synthase Sul1			470.8099
	accn|470.8099.con.0028	7102	7923	-	blaOXA-312	OXA-51 family carbapenem-hydrolyzing class D beta-lactamase OXA-312	core	AMR	AMR	BETA-LACTAM	CARBAPENEM	ALLELEX	274	274	100.0	100.0	274	WP_001021787.1	OXA-51 family carbapenem-hydrolyzing class D beta-lactamase OXA-312			470.8099
	accn|470.8102.con.0004	137	1285	+	blaADC-79	extended-spectrum class C beta-lactamase ADC-79	core	AMR	AMR	BETA-LACTAM	CEPHALOSPORIN	ALLELEX	383	383	100.0	100.0	383	WP_001159760.1	extended-spectrum class C beta-lactamase ADC-79			470.8102
	accn|470.8102.con.0028	7102	7923	-	blaOXA-312	OXA-51 family carbapenem-hydrolyzing class D beta-lactamase OXA-312	core	AMR	AMR	BETA-LACTAM	CARBAPENEM	ALLELEX	274	274	100.0	100.0	274	WP_001021787.1	OXA-51 family carbapenem-hydrolyzing class D beta-lactamase OXA-312			470.8102
	accn|470.8103.con.0011	34859	35644	-	ant(3'')-IIa	aminoglycoside nucleotidyltransferase ANT(3'')-IIa	core	AMR	AMR	AMINOGLYCOSIDE	SPECTINOMYCIN/STREPTOMYCIN	BLASTX	262	262	100.0	98.47	262	WP_001112624.1	aminoglycoside nucleotidyltransferase ANT(3'')-IIa			470.8103
	accn|470.8103.con.0011	56577	57773	-	tet(A)	tetracycline efflux MFS transporter Tet(A)	core	AMR	AMR	TETRACYCLINE	TETRACYCLINE	BLASTX	399	399	100.0	99.75	399	WP_063855982.1	tetracycline efflux MFS transporter Tet(A)			470.8103
	accn|470.8103.con.0011	65204	65734	+	ant(2'')-Ia	aminoglycoside nucleotidyltransferase ANT(2'')-Ia	core	AMR	AMR	AMINOGLYCOSIDE	GENTAMICIN/KANAMYCIN/TOBRAMYCIN	EXACTX	177	177	100.0	100.0	177	WP_000381803.1	aminoglycoside nucleotidyltransferase ANT(2'')-Ia			470.8103
	accn|470.8103.con.0011	65894	66238	+	qacEdelta1	quaternary ammonium compound efflux SMR transporter QacE delta 1	core	STRESS	BIOCIDE	QUATERNARY AMMONIUM	QUATERNARY AMMONIUM	ALLELEX	115	115	100.0	100.0	115	WP_000679427.1	quaternary ammonium compound efflux SMR transporter QacE delta 1			470.8103
	accn|470.8103.con.0011	66235	67071	+	sul1	sulfonamide-resistant dihydropteroate synthase Sul1	core	AMR	AMR	SULFONAMIDE	SULFONAMIDE	EXACTX	279	279	100.0	100.0	279	WP_000259031.1	sulfonamide-resistant dihydropteroate synthase Sul1			470.8103
	accn|470.8103.con.0046	220	996	+	aph(3')-VIa	aminoglycoside O-phosphotransferase APH(3')-VIa	core	AMR	AMR	AMINOGLYCOSIDE	AMIKACIN/KANAMYCIN	EXACTX	259	259	100.0	100.0	259	WP_000422636.1	aminoglycoside O-phosphotransferase APH(3')-VIa			470.8103
	accn|470.8104.con.0004	353574	354722	-	blaADC-30	extended-spectrum class C beta-lactamase ADC-30	core	AMR	AMR	BETA-LACTAM	CEPHALOSPORIN	ALLELEX	383	383	100.0	100.0	383	WP_001211218.1	extended-spectrum class C beta-lactamase ADC-30			470.8104
	accn|470.8105.con.0011	56710	57546	-	sul1	sulfonamide-resistant dihydropteroate synthase Sul1	core	AMR	AMR	SULFONAMIDE	SULFONAMIDE	EXACTX	279	279	100.0	100.0	279	WP_000259031.1	sulfonamide-resistant dihydropteroate synthase Sul1			470.8105
	accn|470.8105.con.0011	57543	57887	-	qacEdelta1	quaternary ammonium compound efflux SMR transporter QacE delta 1	core	STRESS	BIOCIDE	QUATERNARY AMMONIUM	QUATERNARY AMMONIUM	ALLELEX	115	115	100.0	100.0	115	WP_000679427.1	quaternary ammonium compound efflux SMR transporter QacE delta 1			470.8105
	accn|470.8105.con.0011	58047	58577	-	ant(2'')-Ia	aminoglycoside nucleotidyltransferase ANT(2'')-Ia	core	AMR	AMR	AMINOGLYCOSIDE	GENTAMICIN/KANAMYCIN/TOBRAMYCIN	EXACTX	177	177	100.0	100.0	177	WP_000381803.1	aminoglycoside nucleotidyltransferase ANT(2'')-Ia			470.8105
	accn|470.8105.con.0011	66008	67204	+	tet(A)	tetracycline efflux MFS transporter Tet(A)	core	AMR	AMR	TETRACYCLINE	TETRACYCLINE	BLASTX	399	399	100.0	99.75	399	WP_063855982.1	tetracycline efflux MFS transporter Tet(A)			470.8105
	accn|470.8105.con.0011	88137	88922	+	ant(3'')-IIa	aminoglycoside nucleotidyltransferase ANT(3'')-IIa	core	AMR	AMR	AMINOGLYCOSIDE	SPECTINOMYCIN/STREPTOMYCIN	BLASTX	262	262	100.0	98.47	262	WP_001112624.1	aminoglycoside nucleotidyltransferase ANT(3'')-IIa			470.8105
	accn|470.8106.con.0008	155	973	+	blaOXA-23	OXA-23 family carbapenem-hydrolyzing class D beta-lactamase OXA-23	core	AMR	AMR	BETA-LACTAM	CARBAPENEM	ALLELEX	273	273	100.0	100.0	273	WP_001046004.1	OXA-23 family carbapenem-hydrolyzing class D beta-lactamase OXA-23			470.8106
	accn|470.8106.con.0014	56922	57698	-	aph(3')-VIa	aminoglycoside O-phosphotransferase APH(3')-VIa	core	AMR	AMR	AMINOGLYCOSIDE	AMIKACIN/KANAMYCIN	BLASTX	259	259	100.0	99.61	259	WP_000422636.1	aminoglycoside O-phosphotransferase APH(3')-VIa			470.8106
	accn|470.8106.con.0029	368	898	+	ant(2'')-Ia	aminoglycoside nucleotidyltransferase ANT(2'')-Ia	core	AMR	AMR	AMINOGLYCOSIDE	GENTAMICIN/KANAMYCIN/TOBRAMYCIN	EXACTX	177	177	100.0	100.0	177	WP_000381802.1	aminoglycoside nucleotidyltransferase ANT(2'')-Ia			470.8106
	accn|470.8106.con.0029	1156	2412	+	cmlA1	chloramphenicol efflux MFS transporter CmlA1	core	AMR	AMR	PHENICOL	CHLORAMPHENICOL	BLASTX	419	419	100.0	99.52	419	WP_001256776.1	chloramphenicol efflux MFS transporter CmlA1			470.8106
	accn|470.8106.con.0029	2508	3296	+	aadA2	ANT(3'')-Ia family aminoglycoside nucleotidyltransferase AadA2	core	AMR	AMR	AMINOGLYCOSIDE	STREPTOMYCIN	EXACTX	263	263	100.0	100.0	263	WP_001261740.1	ANT(3'')-Ia family aminoglycoside nucleotidyltransferase AadA2			470.8106
	accn|470.8106.con.0029	3329	4129	+	aph(3'')-Ib	aminoglycoside O-phosphotransferase APH(3'')-Ib	core	AMR	AMR	AMINOGLYCOSIDE	STREPTOMYCIN	BLASTX	267	267	100.0	98.5	267	WP_001082319.1	aminoglycoside O-phosphotransferase APH(3'')-Ib			470.8106
	accn|470.8106.con.0029	4132	4965	+	aph(6)-Id	aminoglycoside O-phosphotransferase APH(6)-Id	core	AMR	AMR	AMINOGLYCOSIDE	STREPTOMYCIN	BLASTX	278	278	100.0	99.64	278	WP_000480968.1	aminoglycoside O-phosphotransferase APH(6)-Id			470.8106
	accn|470.8106.con.0034	167	1027	+	blaGES-11	extended-spectrum class A beta-lactamase GES-11	core	AMR	AMR	BETA-LACTAM	CEPHALOSPORIN	ALLELEX	287	287	100.0	100.0	287	WP_001211000.1	extended-spectrum class A beta-lactamase GES-11			470.8106
	accn|470.8106.con.0034	1168	1719	+	aac(6')-Ib3	aminoglycoside N-acetyltransferase AAC(6')-Ib3	core	AMR	AMR	AMINOGLYCOSIDE	AMIKACIN/KANAMYCIN/TOBRAMYCIN	ALLELEX	184	184	100.0	100.0	184	WP_032488579.1	aminoglycoside N-acetyltransferase AAC(6')-Ib3			470.8106
	accn|470.8106.con.0034	1804	2274	+	dfrA7	trimethoprim-resistant dihydrofolate reductase DfrA7	core	AMR	AMR	TRIMETHOPRIM	TRIMETHOPRIM	EXACTX	157	157	100.0	100.0	157	WP_000703418.1	trimethoprim-resistant dihydrofolate reductase DfrA7			470.8106
	accn|470.8106.con.0034	2507	2851	+	qacEdelta1	quaternary ammonium compound efflux SMR transporter QacE delta 1	core	STRESS	BIOCIDE	QUATERNARY AMMONIUM	QUATERNARY AMMONIUM	ALLELEX	115	115	100.0	100.0	115	WP_000679427.1	quaternary ammonium compound efflux SMR transporter QacE delta 1			470.8106
	accn|470.8106.con.0040	60	896	+	sul1	sulfonamide-resistant dihydropteroate synthase Sul1	core	AMR	AMR	SULFONAMIDE	SULFONAMIDE	EXACTX	279	279	100.0	100.0	279	WP_000259031.1	sulfonamide-resistant dihydropteroate synthase Sul1			470.8106
	accn|470.8107.con.0038	702	1538	-	sul1	sulfonamide-resistant dihydropteroate synthase Sul1	core	AMR	AMR	SULFONAMIDE	SULFONAMIDE	EXACTX	279	279	100.0	100.0	279	WP_000259031.1	sulfonamide-resistant dihydropteroate synthase Sul1			470.8107
	accn|470.8108.con.0011	123917	124702	+	ant(3'')-IIa	aminoglycoside nucleotidyltransferase ANT(3'')-IIa	core	AMR	AMR	AMINOGLYCOSIDE	SPECTINOMYCIN/STREPTOMYCIN	BLASTX	262	262	100.0	98.85	262	WP_001279062.1	aminoglycoside nucleotidyltransferase ANT(3'')-IIa			470.8108
	accn|470.8108.con.0026	384	1160	+	aph(3')-VIb	aminoglycoside O-phosphotransferase APH(3')-VIb	core	AMR	AMR	AMINOGLYCOSIDE	AMIKACIN/KANAMYCIN	BLASTX	259	259	100.0	99.61	259	WP_000422633.1	aminoglycoside O-phosphotransferase APH(3')-VIb			470.8108
	accn|470.8108.con.0026	3556	4479	+	blaPER-1	inhibitor-resistant extended-spectrum class A beta-lactamase PER-1	core	AMR	AMR	BETA-LACTAM	CEPHALOSPORIN	ALLELEX	308	308	100.0	100.0	308	WP_001100753.1	inhibitor-resistant extended-spectrum class A beta-lactamase PER-1			470.8108
	accn|470.8108.con.0037	11	811	+	aph(3'')-Ib	aminoglycoside O-phosphotransferase APH(3'')-Ib	core	AMR	AMR	AMINOGLYCOSIDE	STREPTOMYCIN	EXACTX	267	267	100.0	100.0	267	WP_001082319.1	aminoglycoside O-phosphotransferase APH(3'')-Ib			470.8108
	accn|470.8112.con.0064	76	933	-	blaTEM-1	broad-spectrum class A beta-lactamase TEM-1	core	AMR	AMR	BETA-LACTAM	BETA-LACTAM	ALLELEX	286	286	100.0	100.0	286	WP_000027057.1	broad-spectrum class A beta-lactamase TEM-1			470.8112
	accn|470.8113.con.0001	1233187	1234335	-	blaADC-30	extended-spectrum class C beta-lactamase ADC-30	core	AMR	AMR	BETA-LACTAM	CEPHALOSPORIN	ALLELEX	383	383	100.0	100.0	383	WP_001211218.1	extended-spectrum class C beta-lactamase ADC-30			470.8113
	accn|470.8113.con.0001	2248017	2248838	+	blaOXA-66	OXA-51 family carbapenem-hydrolyzing class D beta-lactamase OXA-66	core	AMR	AMR	BETA-LACTAM	CARBAPENEM	ALLELEX	274	274	100.0	100.0	274	WP_001021792.1	OXA-51 family carbapenem-hydrolyzing class D beta-lactamase OXA-66			470.8113
	accn|470.8113.con.0001	2732786	2733622	-	sul1	sulfonamide-resistant dihydropteroate synthase Sul1	core	AMR	AMR	SULFONAMIDE	SULFONAMIDE	EXACTX	279	279	100.0	100.0	279	WP_000259031.1	sulfonamide-resistant dihydropteroate synthase Sul1			470.8113
	accn|470.8113.con.0001	2733619	2733963	-	qacEdelta1	quaternary ammonium compound efflux SMR transporter QacE delta 1	core	STRESS	BIOCIDE	QUATERNARY AMMONIUM	QUATERNARY AMMONIUM	ALLELEX	115	115	100.0	100.0	115	WP_000679427.1	quaternary ammonium compound efflux SMR transporter QacE delta 1			470.8113
	accn|470.8113.con.0001	2734130	2734918	-	aadA1	ANT(3'')-Ia family aminoglycoside nucleotidyltransferase AadA1	core	AMR	AMR	AMINOGLYCOSIDE	STREPTOMYCIN	EXACTX	263	263	100.0	100.0	263	WP_001206316.1	ANT(3'')-Ia family aminoglycoside nucleotidyltransferase AadA1			470.8113
	accn|470.8113.con.0001	2736503	2736964	-	aac(3)-Ia	aminoglycoside N-acetyltransferase AAC(3)-Ia	core	AMR	AMR	AMINOGLYCOSIDE	GENTAMICIN	EXACTX	154	154	100.0	100.0	154	WP_002089484.1	aminoglycoside N-acetyltransferase AAC(3)-Ia			470.8113
	accn|470.8113.con.0001	2739474	2740286	+	aph(3')-Ia	aminoglycoside O-phosphotransferase APH(3')-Ia	core	AMR	AMR	AMINOGLYCOSIDE	KANAMYCIN	EXACTX	271	271	100.0	100.0	271	WP_000018326.1	aminoglycoside O-phosphotransferase APH(3')-Ia			470.8113
	accn|470.8113.con.0001	2746066	2746923	-	blaTEM-1	broad-spectrum class A beta-lactamase TEM-1	core	AMR	AMR	BETA-LACTAM	BETA-LACTAM	ALLELEX	286	286	100.0	100.0	286	WP_000027057.1	broad-spectrum class A beta-lactamase TEM-1			470.8113
	accn|470.8113.con.0001	2749636	2750184	-	aacA16	AAC(6')-Ia family aminoglycoside 6'-N-acetyltransferase AacA16	core	AMR	AMR	AMINOGLYCOSIDE	AMINOGLYCOSIDE	ALLELEX	183	183	100.0	100.0	183	WP_001109644.1	AAC(6')-Ia family aminoglycoside 6'-N-acetyltransferase AacA16			470.8113
	accn|470.8113.con.0001	2751998	2752444	+	aadA1	ANT(3'')-Ia family aminoglycoside nucleotidyltransferase AadA1	core	AMR	AMR	AMINOGLYCOSIDE	STREPTOMYCIN	PARTIALX	149	263	56.65	98.66	149	WP_001206316.1	ANT(3'')-Ia family aminoglycoside nucleotidyltransferase AadA1			470.8113
	accn|470.8113.con.0001	2752611	2752955	+	qacEdelta1	quaternary ammonium compound efflux SMR transporter QacE delta 1	core	STRESS	BIOCIDE	QUATERNARY AMMONIUM	QUATERNARY AMMONIUM	ALLELEX	115	115	100.0	100.0	115	WP_000679427.1	quaternary ammonium compound efflux SMR transporter QacE delta 1			470.8113
	accn|470.8113.con.0001	2752952	2753788	+	sul1	sulfonamide-resistant dihydropteroate synthase Sul1	core	AMR	AMR	SULFONAMIDE	SULFONAMIDE	EXACTX	279	279	100.0	100.0	279	WP_000259031.1	sulfonamide-resistant dihydropteroate synthase Sul1			470.8113
	accn|470.8113.con.0002	664238	665038	+	aph(3'')-Ib	aminoglycoside O-phosphotransferase APH(3'')-Ib	core	AMR	AMR	AMINOGLYCOSIDE	STREPTOMYCIN	EXACTX	267	267	100.0	100.0	267	WP_001082319.1	aminoglycoside O-phosphotransferase APH(3'')-Ib			470.8113
	accn|470.8113.con.0002	665041	665874	+	aph(6)-Id	aminoglycoside O-phosphotransferase APH(6)-Id	core	AMR	AMR	AMINOGLYCOSIDE	STREPTOMYCIN	EXACTX	278	278	100.0	100.0	278	WP_000480968.1	aminoglycoside O-phosphotransferase APH(6)-Id			470.8113
	accn|470.8113.con.0002	669250	670449	+	tet(B)	tetracycline efflux MFS transporter Tet(B)	core	AMR	AMR	TETRACYCLINE	TETRACYCLINE	BLASTX	400	401	99.75	100.0	400	WP_001089072.1	tetracycline efflux MFS transporter Tet(B)			470.8113
	accn|470.8113.con.0002	683076	683888	-	sul2	sulfonamide-resistant dihydropteroate synthase Sul2	core	AMR	AMR	SULFONAMIDE	SULFONAMIDE	EXACTX	271	271	100.0	100.0	271	WP_001043260.1	sulfonamide-resistant dihydropteroate synthase Sul2			470.8113
	accn|470.8113.con.0002	761123	761908	-	ant(3'')-IIa	aminoglycoside nucleotidyltransferase ANT(3'')-IIa	core	AMR	AMR	AMINOGLYCOSIDE	SPECTINOMYCIN/STREPTOMYCIN	BLASTX	262	262	100.0	98.85	262	WP_001279062.1	aminoglycoside nucleotidyltransferase ANT(3'')-IIa			470.8113
	accn|470.8114.con.0018	58686	59486	+	aph(3'')-Ib	aminoglycoside O-phosphotransferase APH(3'')-Ib	core	AMR	AMR	AMINOGLYCOSIDE	STREPTOMYCIN	EXACTX	267	267	100.0	100.0	267	WP_001082319.1	aminoglycoside O-phosphotransferase APH(3'')-Ib			470.8114
	accn|470.8114.con.0018	59489	60322	+	aph(6)-Id	aminoglycoside O-phosphotransferase APH(6)-Id	core	AMR	AMR	AMINOGLYCOSIDE	STREPTOMYCIN	EXACTX	278	278	100.0	100.0	278	WP_000480968.1	aminoglycoside O-phosphotransferase APH(6)-Id			470.8114
	accn|470.8114.con.0018	63698	64897	+	tet(B)	tetracycline efflux MFS transporter Tet(B)	core	AMR	AMR	TETRACYCLINE	TETRACYCLINE	BLASTX	400	401	99.75	100.0	400	WP_001089072.1	tetracycline efflux MFS transporter Tet(B)			470.8114
	accn|470.8114.con.0075	430	1242	-	aph(3')-Ia	aminoglycoside O-phosphotransferase APH(3')-Ia	core	AMR	AMR	AMINOGLYCOSIDE	KANAMYCIN	EXACTX	271	271	100.0	100.0	271	WP_000018326.1	aminoglycoside O-phosphotransferase APH(3')-Ia			470.8114
	accn|470.8114.con.0087	103	651	+	aacA16	AAC(6')-Ia family aminoglycoside 6'-N-acetyltransferase AacA16	core	AMR	AMR	AMINOGLYCOSIDE	AMINOGLYCOSIDE	ALLELEX	183	183	100.0	100.0	183	WP_001109644.1	AAC(6')-Ia family aminoglycoside 6'-N-acetyltransferase AacA16			470.8114
	accn|470.8117.con.0068	2	406	-	aadA1	ANT(3'')-Ia family aminoglycoside nucleotidyltransferase AadA1	core	AMR	AMR	AMINOGLYCOSIDE	STREPTOMYCIN	PARTIAL_CONTIG_ENDX	135	262	51.53	100.0	135	WP_001206315.1	ANT(3'')-Ia family aminoglycoside nucleotidyltransferase AadA1			470.8117
	accn|470.8117.con.0068	1991	2452	-	aac(3)-Ia	aminoglycoside N-acetyltransferase AAC(3)-Ia	core	AMR	AMR	AMINOGLYCOSIDE	GENTAMICIN	EXACTX	154	154	100.0	100.0	154	WP_002089484.1	aminoglycoside N-acetyltransferase AAC(3)-Ia			470.8117
	accn|470.8117.con.0069	76	933	-	blaTEM-1	broad-spectrum class A beta-lactamase TEM-1	core	AMR	AMR	BETA-LACTAM	BETA-LACTAM	ALLELEX	286	286	100.0	100.0	286	WP_000027057.1	broad-spectrum class A beta-lactamase TEM-1			470.8117
	accn|470.8121.con.0008	171744	172892	-	blaADC-30	extended-spectrum class C beta-lactamase ADC-30	core	AMR	AMR	BETA-LACTAM	CEPHALOSPORIN	ALLELEX	383	383	100.0	100.0	383	WP_001211218.1	extended-spectrum class C beta-lactamase ADC-30			470.8121
	accn|470.8123.con.0001	82375	83196	+	blaOXA-66	OXA-51 family carbapenem-hydrolyzing class D beta-lactamase OXA-66	core	AMR	AMR	BETA-LACTAM	CARBAPENEM	ALLELEX	274	274	100.0	100.0	274	WP_001021792.1	OXA-51 family carbapenem-hydrolyzing class D beta-lactamase OXA-66			470.8123
	accn|470.8123.con.0064	2	406	-	aadA1	ANT(3'')-Ia family aminoglycoside nucleotidyltransferase AadA1	core	AMR	AMR	AMINOGLYCOSIDE	STREPTOMYCIN	PARTIAL_CONTIG_ENDX	135	262	51.53	100.0	135	WP_001206315.1	ANT(3'')-Ia family aminoglycoside nucleotidyltransferase AadA1			470.8123
	accn|470.8123.con.0064	1991	2452	-	aac(3)-Ia	aminoglycoside N-acetyltransferase AAC(3)-Ia	core	AMR	AMR	AMINOGLYCOSIDE	GENTAMICIN	EXACTX	154	154	100.0	100.0	154	WP_002089484.1	aminoglycoside N-acetyltransferase AAC(3)-Ia			470.8123
	accn|470.8123.con.0082	169	717	-	aacA16	AAC(6')-Ia family aminoglycoside 6'-N-acetyltransferase AacA16	core	AMR	AMR	AMINOGLYCOSIDE	AMINOGLYCOSIDE	ALLELEX	183	183	100.0	100.0	183	WP_001109644.1	AAC(6')-Ia family aminoglycoside 6'-N-acetyltransferase AacA16			470.8123
	accn|470.8124.con.0001	127972	128757	+	ant(3'')-IIa	aminoglycoside nucleotidyltransferase ANT(3'')-IIa	core	AMR	AMR	AMINOGLYCOSIDE	SPECTINOMYCIN/STREPTOMYCIN	BLASTX	262	262	100.0	98.85	262	WP_001279062.1	aminoglycoside nucleotidyltransferase ANT(3'')-IIa			470.8124
	accn|470.8124.con.0001	205992	206804	+	sul2	sulfonamide-resistant dihydropteroate synthase Sul2	core	AMR	AMR	SULFONAMIDE	SULFONAMIDE	EXACTX	271	271	100.0	100.0	271	WP_001043260.1	sulfonamide-resistant dihydropteroate synthase Sul2			470.8124
	accn|470.8124.con.0001	219431	220630	-	tet(B)	tetracycline efflux MFS transporter Tet(B)	core	AMR	AMR	TETRACYCLINE	TETRACYCLINE	BLASTX	400	401	99.75	100.0	400	WP_001089072.1	tetracycline efflux MFS transporter Tet(B)			470.8124
	accn|470.8124.con.0001	224006	224839	-	aph(6)-Id	aminoglycoside O-phosphotransferase APH(6)-Id	core	AMR	AMR	AMINOGLYCOSIDE	STREPTOMYCIN	EXACTX	278	278	100.0	100.0	278	WP_000480968.1	aminoglycoside O-phosphotransferase APH(6)-Id			470.8124
	accn|470.8124.con.0001	224842	225642	-	aph(3'')-Ib	aminoglycoside O-phosphotransferase APH(3'')-Ib	core	AMR	AMR	AMINOGLYCOSIDE	STREPTOMYCIN	EXACTX	267	267	100.0	100.0	267	WP_001082319.1	aminoglycoside O-phosphotransferase APH(3'')-Ib			470.8124
	accn|470.8124.con.0001	1176719	1177555	-	sul1	sulfonamide-resistant dihydropteroate synthase Sul1	core	AMR	AMR	SULFONAMIDE	SULFONAMIDE	EXACTX	279	279	100.0	100.0	279	WP_000259031.1	sulfonamide-resistant dihydropteroate synthase Sul1			470.8124
	accn|470.8124.con.0001	1177552	1177896	-	qacEdelta1	quaternary ammonium compound efflux SMR transporter QacE delta 1	core	STRESS	BIOCIDE	QUATERNARY AMMONIUM	QUATERNARY AMMONIUM	ALLELEX	115	115	100.0	100.0	115	WP_000679427.1	quaternary ammonium compound efflux SMR transporter QacE delta 1			470.8124
	accn|470.8124.con.0001	1178063	1178509	-	aadA1	ANT(3'')-Ia family aminoglycoside nucleotidyltransferase AadA1	core	AMR	AMR	AMINOGLYCOSIDE	STREPTOMYCIN	PARTIALX	149	263	56.65	98.66	149	WP_001206316.1	ANT(3'')-Ia family aminoglycoside nucleotidyltransferase AadA1			470.8124
	accn|470.8124.con.0001	1180323	1180871	+	aacA16	AAC(6')-Ia family aminoglycoside 6'-N-acetyltransferase AacA16	core	AMR	AMR	AMINOGLYCOSIDE	AMINOGLYCOSIDE	ALLELEX	183	183	100.0	100.0	183	WP_001109644.1	AAC(6')-Ia family aminoglycoside 6'-N-acetyltransferase AacA16			470.8124
	accn|470.8124.con.0001	1183584	1184441	+	blaTEM-1	broad-spectrum class A beta-lactamase TEM-1	core	AMR	AMR	BETA-LACTAM	BETA-LACTAM	ALLELEX	286	286	100.0	100.0	286	WP_000027057.1	broad-spectrum class A beta-lactamase TEM-1			470.8124
	accn|470.8124.con.0001	1190221	1191033	-	aph(3')-Ia	aminoglycoside O-phosphotransferase APH(3')-Ia	core	AMR	AMR	AMINOGLYCOSIDE	KANAMYCIN	EXACTX	271	271	100.0	100.0	271	WP_000018326.1	aminoglycoside O-phosphotransferase APH(3')-Ia			470.8124
	accn|470.8124.con.0001	1193543	1194004	+	aac(3)-Ia	aminoglycoside N-acetyltransferase AAC(3)-Ia	core	AMR	AMR	AMINOGLYCOSIDE	GENTAMICIN	EXACTX	154	154	100.0	100.0	154	WP_002089484.1	aminoglycoside N-acetyltransferase AAC(3)-Ia			470.8124
	accn|470.8124.con.0001	1195589	1196377	+	aadA1	ANT(3'')-Ia family aminoglycoside nucleotidyltransferase AadA1	core	AMR	AMR	AMINOGLYCOSIDE	STREPTOMYCIN	EXACTX	263	263	100.0	100.0	263	WP_001206316.1	ANT(3'')-Ia family aminoglycoside nucleotidyltransferase AadA1			470.8124
	accn|470.8124.con.0001	1196544	1196888	+	qacEdelta1	quaternary ammonium compound efflux SMR transporter QacE delta 1	core	STRESS	BIOCIDE	QUATERNARY AMMONIUM	QUATERNARY AMMONIUM	ALLELEX	115	115	100.0	100.0	115	WP_000679427.1	quaternary ammonium compound efflux SMR transporter QacE delta 1			470.8124
	accn|470.8124.con.0001	1196885	1197721	+	sul1	sulfonamide-resistant dihydropteroate synthase Sul1	core	AMR	AMR	SULFONAMIDE	SULFONAMIDE	EXACTX	279	279	100.0	100.0	279	WP_000259031.1	sulfonamide-resistant dihydropteroate synthase Sul1			470.8124
	accn|470.8124.con.0001	1681669	1682490	-	blaOXA-66	OXA-51 family carbapenem-hydrolyzing class D beta-lactamase OXA-66	core	AMR	AMR	BETA-LACTAM	CARBAPENEM	ALLELEX	274	274	100.0	100.0	274	WP_001021792.1	OXA-51 family carbapenem-hydrolyzing class D beta-lactamase OXA-66			470.8124
	accn|470.8124.con.0001	2696172	2697320	+	blaADC-30	extended-spectrum class C beta-lactamase ADC-30	core	AMR	AMR	BETA-LACTAM	CEPHALOSPORIN	ALLELEX	383	383	100.0	100.0	383	WP_001211218.1	extended-spectrum class C beta-lactamase ADC-30			470.8124
	accn|470.8125.con.0001	1233155	1234303	-	blaADC-30	extended-spectrum class C beta-lactamase ADC-30	core	AMR	AMR	BETA-LACTAM	CEPHALOSPORIN	ALLELEX	383	383	100.0	100.0	383	WP_001211218.1	extended-spectrum class C beta-lactamase ADC-30			470.8125
	accn|470.8125.con.0002	950397	951197	+	aph(3'')-Ib	aminoglycoside O-phosphotransferase APH(3'')-Ib	core	AMR	AMR	AMINOGLYCOSIDE	STREPTOMYCIN	EXACTX	267	267	100.0	100.0	267	WP_001082319.1	aminoglycoside O-phosphotransferase APH(3'')-Ib			470.8125
	accn|470.8125.con.0002	951200	952033	+	aph(6)-Id	aminoglycoside O-phosphotransferase APH(6)-Id	core	AMR	AMR	AMINOGLYCOSIDE	STREPTOMYCIN	EXACTX	278	278	100.0	100.0	278	WP_000480968.1	aminoglycoside O-phosphotransferase APH(6)-Id			470.8125
	accn|470.8125.con.0002	955409	956608	+	tet(B)	tetracycline efflux MFS transporter Tet(B)	core	AMR	AMR	TETRACYCLINE	TETRACYCLINE	BLASTX	400	401	99.75	100.0	400	WP_001089072.1	tetracycline efflux MFS transporter Tet(B)			470.8125
	accn|470.8125.con.0002	969235	970047	-	sul2	sulfonamide-resistant dihydropteroate synthase Sul2	core	AMR	AMR	SULFONAMIDE	SULFONAMIDE	EXACTX	271	271	100.0	100.0	271	WP_001043260.1	sulfonamide-resistant dihydropteroate synthase Sul2			470.8125
	accn|470.8125.con.0002	1047282	1048067	-	ant(3'')-IIa	aminoglycoside nucleotidyltransferase ANT(3'')-IIa	core	AMR	AMR	AMINOGLYCOSIDE	SPECTINOMYCIN/STREPTOMYCIN	BLASTX	262	262	100.0	98.85	262	WP_001279062.1	aminoglycoside nucleotidyltransferase ANT(3'')-IIa			470.8125
	accn|470.8125.con.0003	670260	671081	+	blaOXA-66	OXA-51 family carbapenem-hydrolyzing class D beta-lactamase OXA-66	core	AMR	AMR	BETA-LACTAM	CARBAPENEM	ALLELEX	274	274	100.0	100.0	274	WP_001021792.1	OXA-51 family carbapenem-hydrolyzing class D beta-lactamase OXA-66			470.8125
	accn|470.8125.con.0005	9998	10834	-	sul1	sulfonamide-resistant dihydropteroate synthase Sul1	core	AMR	AMR	SULFONAMIDE	SULFONAMIDE	EXACTX	279	279	100.0	100.0	279	WP_000259031.1	sulfonamide-resistant dihydropteroate synthase Sul1			470.8125
	accn|470.8125.con.0005	10831	11175	-	qacEdelta1	quaternary ammonium compound efflux SMR transporter QacE delta 1	core	STRESS	BIOCIDE	QUATERNARY AMMONIUM	QUATERNARY AMMONIUM	ALLELEX	115	115	100.0	100.0	115	WP_000679427.1	quaternary ammonium compound efflux SMR transporter QacE delta 1			470.8125
	accn|470.8125.con.0005	11342	12130	-	aadA1	ANT(3'')-Ia family aminoglycoside nucleotidyltransferase AadA1	core	AMR	AMR	AMINOGLYCOSIDE	STREPTOMYCIN	EXACTX	263	263	100.0	100.0	263	WP_001206316.1	ANT(3'')-Ia family aminoglycoside nucleotidyltransferase AadA1			470.8125
	accn|470.8125.con.0005	13715	14176	-	aac(3)-Ia	aminoglycoside N-acetyltransferase AAC(3)-Ia	core	AMR	AMR	AMINOGLYCOSIDE	GENTAMICIN	EXACTX	154	154	100.0	100.0	154	WP_002089484.1	aminoglycoside N-acetyltransferase AAC(3)-Ia			470.8125
	accn|470.8125.con.0005	16686	17498	+	aph(3')-Ia	aminoglycoside O-phosphotransferase APH(3')-Ia	core	AMR	AMR	AMINOGLYCOSIDE	KANAMYCIN	EXACTX	271	271	100.0	100.0	271	WP_000018326.1	aminoglycoside O-phosphotransferase APH(3')-Ia			470.8125
	accn|470.8125.con.0006	1058	1606	+	aacA16	AAC(6')-Ia family aminoglycoside 6'-N-acetyltransferase AacA16	core	AMR	AMR	AMINOGLYCOSIDE	AMINOGLYCOSIDE	ALLELEX	183	183	100.0	100.0	183	WP_001109644.1	AAC(6')-Ia family aminoglycoside 6'-N-acetyltransferase AacA16			470.8125
	accn|470.8125.con.0006	4319	5176	+	blaTEM-1	broad-spectrum class A beta-lactamase TEM-1	core	AMR	AMR	BETA-LACTAM	BETA-LACTAM	ALLELEX	286	286	100.0	100.0	286	WP_000027057.1	broad-spectrum class A beta-lactamase TEM-1			470.8125
	accn|470.8127.con.0016	10397	11596	-	tet(B)	tetracycline efflux MFS transporter Tet(B)	core	AMR	AMR	TETRACYCLINE	TETRACYCLINE	BLASTX	400	401	99.75	100.0	400	WP_001089072.1	tetracycline efflux MFS transporter Tet(B)			470.8127
	accn|470.8127.con.0016	14972	15805	-	aph(6)-Id	aminoglycoside O-phosphotransferase APH(6)-Id	core	AMR	AMR	AMINOGLYCOSIDE	STREPTOMYCIN	EXACTX	278	278	100.0	100.0	278	WP_000480968.1	aminoglycoside O-phosphotransferase APH(6)-Id			470.8127
	accn|470.8127.con.0016	15808	16608	-	aph(3'')-Ib	aminoglycoside O-phosphotransferase APH(3'')-Ib	core	AMR	AMR	AMINOGLYCOSIDE	STREPTOMYCIN	EXACTX	267	267	100.0	100.0	267	WP_001082319.1	aminoglycoside O-phosphotransferase APH(3'')-Ib			470.8127
	accn|470.8127.con.0064	1465	2322	+	blaTEM-1	broad-spectrum class A beta-lactamase TEM-1	core	AMR	AMR	BETA-LACTAM	BETA-LACTAM	ALLELEX	286	286	100.0	100.0	286	WP_000027057.1	broad-spectrum class A beta-lactamase TEM-1			470.8127
	accn|470.8127.con.0069	121	933	+	aph(3')-Ia	aminoglycoside O-phosphotransferase APH(3')-Ia	core	AMR	AMR	AMINOGLYCOSIDE	KANAMYCIN	EXACTX	271	271	100.0	100.0	271	WP_000018326.1	aminoglycoside O-phosphotransferase APH(3')-Ia			470.8127
	accn|NC_011586	7866	9029	+	blaADC-176	extended-spectrum class C beta-lactamase ADC-176	core	AMR	AMR	BETA-LACTAM	CEPHALOSPORIN	ALLELEX	388	388	100.0	100.0	388	WP_001159761.1	extended-spectrum class C beta-lactamase ADC-176			480119.5
	accn|NC_011586	190743	191528	+	ant(3'')-IIa	aminoglycoside nucleotidyltransferase ANT(3'')-IIa	core	AMR	AMR	AMINOGLYCOSIDE	SPECTINOMYCIN/STREPTOMYCIN	EXACTX	262	262	100.0	100.0	262	WP_001279062.1	aminoglycoside nucleotidyltransferase ANT(3'')-IIa			480119.5
	accn|NC_011586	283746	284582	+	sul1	sulfonamide-resistant dihydropteroate synthase Sul1	core	AMR	AMR	SULFONAMIDE	SULFONAMIDE	EXACTX	279	279	100.0	100.0	279	WP_000259031.1	sulfonamide-resistant dihydropteroate synthase Sul1			480119.5
	accn|NC_011586	292144	293340	+	tet(A)	tetracycline efflux MFS transporter Tet(A)	core	AMR	AMR	TETRACYCLINE	TETRACYCLINE	EXACTX	399	399	100.0	100.0	399	WP_000804064.1	tetracycline efflux MFS transporter Tet(A)			480119.5
	accn|NC_011586	297192	297848	-	catA1	type A-1 chloramphenicol O-acetyltransferase	core	AMR	AMR	PHENICOL	CHLORAMPHENICOL	EXACTX	219	219	100.0	100.0	219	WP_000412211.1	type A-1 chloramphenicol O-acetyltransferase			480119.5
	accn|NC_011586	302744	303601	+	blaTEM-1	broad-spectrum class A beta-lactamase TEM-1	core	AMR	AMR	BETA-LACTAM	BETA-LACTAM	ALLELEX	286	286	100.0	100.0	286	WP_000027057.1	broad-spectrum class A beta-lactamase TEM-1			480119.5
	accn|NC_011586	309379	310191	-	aph(3')-Ia	aminoglycoside O-phosphotransferase APH(3')-Ia	core	AMR	AMR	AMINOGLYCOSIDE	KANAMYCIN	EXACTX	271	271	100.0	100.0	271	WP_000018326.1	aminoglycoside O-phosphotransferase APH(3')-Ia			480119.5
	accn|NC_011586	312801	313262	+	aac(3)-Ia	aminoglycoside N-acetyltransferase AAC(3)-Ia	core	AMR	AMR	AMINOGLYCOSIDE	GENTAMICIN	EXACTX	154	154	100.0	100.0	154	WP_002089484.1	aminoglycoside N-acetyltransferase AAC(3)-Ia			480119.5
	accn|NC_011586	314309	315097	+	aadA1	ANT(3'')-Ia family aminoglycoside nucleotidyltransferase AadA1	core	AMR	AMR	AMINOGLYCOSIDE	STREPTOMYCIN	EXACTX	263	263	100.0	100.0	263	WP_001206316.1	ANT(3'')-Ia family aminoglycoside nucleotidyltransferase AadA1			480119.5
	accn|NC_011586	315264	315608	+	qacEdelta1	quaternary ammonium compound efflux SMR transporter QacE delta 1	core	STRESS	BIOCIDE	QUATERNARY AMMONIUM	QUATERNARY AMMONIUM	ALLELEX	115	115	100.0	100.0	115	WP_000679427.1	quaternary ammonium compound efflux SMR transporter QacE delta 1			480119.5
	accn|NC_011586	315605	316441	+	sul1	sulfonamide-resistant dihydropteroate synthase Sul1	core	AMR	AMR	SULFONAMIDE	SULFONAMIDE	BLASTX	279	279	100.0	99.28	279	WP_000259031.1	sulfonamide-resistant dihydropteroate synthase Sul1			480119.5
	accn|NC_011586	585844	586662	+	blaOXA-23	OXA-23 family carbapenem-hydrolyzing class D beta-lactamase OXA-23	core	AMR	AMR	BETA-LACTAM	CARBAPENEM	ALLELEX	273	273	100.0	100.0	273	WP_001046004.1	OXA-23 family carbapenem-hydrolyzing class D beta-lactamase OXA-23			480119.5
	accn|NC_011586	1844839	1845660	-	blaOXA-69	OXA-51 family carbapenem-hydrolyzing class D beta-lactamase OXA-69	core	AMR	AMR	BETA-LACTAM	CARBAPENEM	ALLELEX	274	274	100.0	100.0	274	WP_001021779.1	OXA-51 family carbapenem-hydrolyzing class D beta-lactamase OXA-69			480119.5
	accn|NC_011586	2873300	2874448	+	blaADC	ADC family extended-spectrum class C beta-lactamase	core	AMR	AMR	BETA-LACTAM	CEPHALOSPORIN	BLASTX	383	383	100.0	99.74	383	WP_001211205.1	extended-spectrum class C beta-lactamase ADC-11			480119.5
	accn|AMEI01000023	705	1541	-	sul1	sulfonamide-resistant dihydropteroate synthase Sul1	core	AMR	AMR	SULFONAMIDE	SULFONAMIDE	EXACTX	279	279	100.0	100.0	279	WP_000259031.1	sulfonamide-resistant dihydropteroate synthase Sul1			903905.3
	accn|AMEI01000038	111326	112144	-	blaOXA-23	OXA-23 family carbapenem-hydrolyzing class D beta-lactamase OXA-23	core	AMR	AMR	BETA-LACTAM	CARBAPENEM	ALLELEX	273	273	100.0	100.0	273	WP_001046004.1	OXA-23 family carbapenem-hydrolyzing class D beta-lactamase OXA-23			903905.3
	accn|AMEI01000052	33	377	-	qacEdelta1	quaternary ammonium compound efflux SMR transporter QacE delta 1	core	STRESS	BIOCIDE	QUATERNARY AMMONIUM	QUATERNARY AMMONIUM	ALLELEX	115	115	100.0	100.0	115	WP_000679427.1	quaternary ammonium compound efflux SMR transporter QacE delta 1			903905.3
	accn|AMEI01000052	610	1080	-	dfrA7	trimethoprim-resistant dihydrofolate reductase DfrA7	core	AMR	AMR	TRIMETHOPRIM	TRIMETHOPRIM	EXACTX	157	157	100.0	100.0	157	WP_000703418.1	trimethoprim-resistant dihydrofolate reductase DfrA7			903905.3
	accn|AMEI01000052	1165	1716	-	aac(6')-Ib3	aminoglycoside N-acetyltransferase AAC(6')-Ib3	core	AMR	AMR	AMINOGLYCOSIDE	AMIKACIN/KANAMYCIN/TOBRAMYCIN	ALLELEX	184	184	100.0	100.0	184	WP_032488579.1	aminoglycoside N-acetyltransferase AAC(6')-Ib3			903905.3
	accn|AMEI01000052	1857	2717	-	blaGES-11	extended-spectrum class A beta-lactamase GES-11	core	AMR	AMR	BETA-LACTAM	CEPHALOSPORIN	ALLELEX	287	287	100.0	100.0	287	WP_001211000.1	extended-spectrum class A beta-lactamase GES-11			903905.3
	accn|AMEJ01000019	50687	51472	+	ant(3'')-IIa	aminoglycoside nucleotidyltransferase ANT(3'')-IIa	core	AMR	AMR	AMINOGLYCOSIDE	SPECTINOMYCIN/STREPTOMYCIN	EXACTX	262	262	100.0	100.0	262	WP_001279062.1	aminoglycoside nucleotidyltransferase ANT(3'')-IIa			903906.3
	accn|AMGG01000056	224701	225522	+	blaOXA-90	OXA-51 family carbapenem-hydrolyzing class D beta-lactamase OXA-90	core	AMR	AMR	BETA-LACTAM	CARBAPENEM	ALLELEX	274	274	100.0	100.0	274	WP_001021781.1	OXA-51 family carbapenem-hydrolyzing class D beta-lactamase OXA-90			903913.3
	accn|AMGG01000071	16600	17385	+	ant(3'')-IIa	aminoglycoside nucleotidyltransferase ANT(3'')-IIa	core	AMR	AMR	AMINOGLYCOSIDE	SPECTINOMYCIN/STREPTOMYCIN	BLASTX	262	262	100.0	99.24	262	WP_001112624.1	aminoglycoside nucleotidyltransferase ANT(3'')-IIa			903913.3
	accn|AMGG01000072	149653	150801	+	blaADC	ADC family extended-spectrum class C beta-lactamase	core	AMR	AMR	BETA-LACTAM	CEPHALOSPORIN	BLASTX	383	383	100.0	99.48	383	WP_068981608.1	extended-spectrum class C beta-lactamase ADC-101			903913.3
	accn|AMST01000116	60046	60864	+	blaOXA-500	OXA-213 family carbapenem-hydrolyzing class D beta-lactamase OXA-500	core	AMR	AMR	BETA-LACTAM	CARBAPENEM	ALLELEX	273	273	100.0	100.0	273	WP_002121386.1	OXA-213 family carbapenem-hydrolyzing class D beta-lactamase OXA-500			903916.3
